:020000040800F2
:100000006832012031030008099400088166000865
:1000100005940008EF180008A5D7000800000000AC
:100020000000000000000000000000007102000855
:100030004D24000800000000CD02000851A3000874
:100040004B0300084B0300084B0300084B03000858
:100050004B0300084B0300084B0300084B03000848
:100060004B0300084F240008592400084B030008E4
:10007000252000084B0300084B0300084B03000831
:100080004B0300084B0300084B0300080519000848
:10009000F51800084B0300084B0300086324000810
:1000A0004B0300084B0300084B0300084B030008F8
:1000B0004DA400084B0300084B0300084B03000845
:1000C0004B0300084B0300084B0300084B030008D8
:1000D0004B03000849AE00084B030008F1AE0008CE
:1000E0004B0300084B0300084B0300084B030008B8
:1000F0004B0300084B0300084B0300084B030008A8
:100100004B0300084B0300084B0300084B03000897
:100110004B0300084B0300084B0300084B03000887
:1001200035200008452000085520000865200008FB
:100130004B0300084B0300084B0300082519000877
:100140004B030008151900084B030008B19600087E
:100150004B03000875200008852000083DB000080A
:100160004B0300084B0300084B0300084B03000837
:100170004B0300084B0300084B030008000000007D
:100180004B0300084B03000800F002F800F060F891
:100190000AA090E8000C82448344AAF10107DA45E2
:1001A00001D100F055F8AFF2090EBAE80F0013F0D4
:1001B000010F18BFFB1A43F0010318479C680100A8
:1001C000BC6801000A444FF0000C10F8013B13F02A
:1001D000070408BF10F8014B1D1108BF10F8015BA0
:1001E000641E05D010F8016B641E01F8016BF9D193
:1001F00013F0080F1EBF10F8014BAD1C0C1B09D1EA
:100200006D1E58BF01F801CBFAD505E014F8016B5B
:1002100001F8016B6D1EF9D59142D6D370470000ED
:100220000023002400250026103A28BF78C1FBD8FF
:10023000520728BF30C148BF0B6070471FB515F08B
:100240009BFC9DE8030000F02DFF1FBD10B510BD05
:1002500000F0D2FF1146FFF7F1FF11F0D3FA00F0E2
:10026000F0FF03B4FFF7F2FF03BC01F027F8000032
:100270002C4B19680868B0E8F04F80F30988BFF389
:100280006F8F4FF0000080F311887047000000006E
:1002900008480068006880F308884FF0000080F389
:1002A000148862B661B6BFF34F8FBFF36F8F00DF64
:1002B00000BF00BF08ED00E0DFF80C00016841F46A
:1002C00070010160704700BF88ED00E0EFF3098026
:1002D000BFF36F8F134B1A681EF0100F08BF20ED8D
:1002E000108A20E9F04F106009B44FF0500080F3FD
:1002F0001188BFF34F8FBFF36F8F13F071FC4FF076
:10030000000080F3118809BC19680868B0E8F04F54
:100310001EF0100F08BFB0EC108A80F30988BFF3FD
:100320006F8F7047AC000020EFF30580704700002E
:100330000948804709480047FEE7FEE7FEE7FEE779
:10034000FEE7FEE7FEE7FEE7FEE7FEE704480549B5
:10035000054A064B7047000039A4000889010008CF
:1003600068B200206832012068F2002068F20020A4
:100370009FED1A1AF5EE000A40EE010ABDEEE00A02
:10038000F5EEC00A10EE100AF1EE10FA38BF401E6A
:1003900000EE100A1349F7EE001AB8EEC00A30EE6C
:1003A000C00ADFED0F0A20EE200AFCEEC00A10EEB4
:1003B000900AC0F3080000EE900A01EB8000F8EE0E
:1003C000600A90ED011A70EE600A90ED000A71EE7D
:1003D000E01A21EE800A00EE810A704783F9223E7E
:1003E000000000443C610108B5EEC00AF1EE10FACD
:1003F00007D2DFED1E0AB4EEE00AF1EE10FAA8BF54
:100400007047DFED1B0AB5EEC00A60EE200ABDEEB4
:10041000E01A11EE100AF1EE10FA38BF401E00EE9D
:10042000100A1549F7EE001AB8EEC00A30EEC00AFD
:10043000DFED100A60EE200ABCEEE00A10EE100AB2
:10044000C0F3080000EE100A01EB8000B8EE400A8D
:1004500090ED011A70EEC00A90ED000A71EEE01AFC
:1004600021EE800A00EE810A70470000CD024CB4F4
:1004700083F9223E000000443C61010870B4058805
:100480000E884468D1F804C05368B54208D140884A
:100490004988884201BF11888D425188884203D023
:1004A00070BC6FF00200704705FB00F1880827D090
:1004B00094ED001ADCED000A94ED010ADCED011A5E
:1004C00031EE201AD4ED020A70EE211A9CED020AD8
:1004D00083ED001AC3ED011A94ED031ADCED031A43
:1004E00030EE800A401E71EE210A83ED020A04F10B
:1004F0001004C3ED030A03F110030CF1100CD7D163
:1005000011F0030030D0B0F1004F30D200282BDDC5
:10051000211F1B1FACF1040210F0010F0AD091ED56
:10052000010AD2ED010A091D121D30EE200A83EDE9
:10053000010A1B1D400817D091ED010AD2ED010AF6
:10054000401E30EE200A83ED010A91ED020AD2ED41
:10055000020A01F1080102F1080230EE200A83EDDF
:10056000020A03F10803E7D170BC00207047B4EC25
:10057000010A401EFCEC010A30EE200AA3EC010A3D
:10058000F5D1F1E701804280436070472DE9F34FD8
:1005900084B0049840680090486801900498B0F8CE
:1005A00000E04588DFEDFE0A00200290B0EE600A10
:1005B000AE4506D108884988884204BF7146864501
:1005C00004D06FF0020006B0BDE8F08F01985FEA3A
:1005D000010C18BFB7EE001A3DD000BFBEEB0C01F6
:1005E00017D0B1F1004F80F01F82002911DD021FEA
:1005F00011F0010F1CBFC2ED010A121D4B1006D0F5
:10060000C2ED010AC2ED020A08325B1EF8D100EB0E
:100610008100BCF10102A0EC011A19D0B2F1004F27
:1006200080F00882002A13DD031F12F0010F1CBFA7
:10063000C3ED010A1B1D511008D000BFC3ED010A14
:10064000C3ED020A491E03F10803F7D100EB820053
:10065000BCF1010CC2D14FF000080395002D14BF6E
:10066000B0EE602A002000F0BF8100BF009908FBB7
:1006700005F001EB800B0199DBED002A01EB800016
:100680000346F0EE421AC64552D9AEEB0802ABEB78
:10069000850112F0010F17D001EB850191ED000AE1
:1006A000B5EEC00AF1EE10FA07DDB4EEE10AF1EEA4
:1006B00010FA09DDF0EE401A06E0B1EE400AF4EE61
:1006C000C01AF1EE10FAF5D3521031D001EB850CBF
:1006D0009CED000AB5EEC00AF1EE10FA05DDB4EEAD
:1006E000E10AF1EE10FA09DD06E0B1EE400AF4EE9F
:1006F000C01AF1EE10FA01D2F0EE401A01EBC5017A
:1007000091ED000AB5EEC00AF1EE10FA05DDB4EE87
:10071000E10AF1EE10FA09DD06E0B1EE400AF4EE6E
:10072000C01AF1EE10FA01D2F0EE401A521ECDD1ED
:10073000F5EEC01AF1EE10FA00F07381F5EEC02A62
:100740000126F1EE10FA0099D4BFB1EE620AB0EEC4
:10075000620AB4EE610AF1EE10FA1CBFAEEB0802B9
:10076000B2F1010C47D005FB08F201EB820292EDD9
:10077000001A00BFB0EE410A05FB06F4B5EEC00A50
:1007800000EB8404F1EE10FACCBFF0EE400AF1EE7B
:10079000400AF4EE610AF1EE10FA28D1B5EB080C2C
:1007A00011D0BCF1004F7DD2BCF1000F0BDD00BFBA
:1007B00092ED000AD1ED000ABCF1010CE2EC010A55
:1007C000A1EC010AF4D129000ED0B1F1004F6AD298
:1007D000002909DD94ED000AD0ED000A491EE4EC81
:1007E000010AA0EC010AF5D1012002900BE0761C71
:1007F000BCF1010CBED10298012804D0F5EEC02A4C
:10080000F1EE10FA7ED09BED000AB5EB08009A4697
:100810005946064622D0B0F1004F74D200281DDDA3
:10082000091F10F0010F06D0F0EE400A80EEA01A6A
:1008300081ED011A091D401010D000BFD1ED010A51
:10084000401E80EE801A81ED011A91ED021AC1EE70
:10085000000AC1ED020A01F10801EFD1280026D0FB
:10086000B0F1004F7ED2002821DDAAF1040110F082
:10087000010F06D0D1ED010A80EE801A81ED011A38
:10088000091D401013D000BFD1ED010A401E80EEBB
:10089000801A81ED011AD1ED020A80EE801A81EDF5
:1008A000021A01E0CBE0D6E001F10801ECD1DDE96C
:1008B00000124FF000095FEA0E0773D0C14504BF74
:1008C00001EB860102EB850274D091ED000ADC4653
:1008D0005046331E35D01C46B6F1004F7ED2002C58
:1008E0002FDD0B1FABF1040C16F0010F0FD0F0EE53
:1008F000400ADCED011AB0EE601A00EEE11A83ED59
:10090000011A01E08DE0B1E01B1D0CF1040C741024
:1009100015D000BFD3ED010A9CED011A40EE410A4B
:10092000C3ED010AD3ED020A9CED021A0CF1080C8A
:1009300040EE410AC3ED020A0833641EEAD101EB1E
:1009400086012B0036D0B3F1004F72D2002B31DD7F
:10095000A2F1040CAAF1040013F0010F0CD0DCED9D
:10096000010A00E08BE090ED011A001D40EE410A03
:10097000CCED010A0CF1040C5C1019D0DCED010A7D
:1009800090ED011A40EE410ACCED010ADCED020ABD
:1009900090ED021A083040EE410ACCED020A03E065
:1009A000000000000DE005E0641E0CF1080CE5D12C
:1009B00002EB830201EB88017F1E09F101097FF43C
:1009C0007DAF009808F10108001D00900398401EBB
:1009D00003907FF44BAE0299012900E058E004BF78
:1009E00006B0BDE8F08F00BFB5EEC00AF1EE10FA18
:1009F0007FF4E9AD04990EFB05F3002B4A684FF034
:100A000000010BD902EB810C9CED000AB5EEC00A87
:100A1000F1EE10FA02D1491C8B42F3D88B427FF4DD
:100A2000D2AD6FF00400CEE5E0EC010A491EFBD127
:100A3000EFE538E0E0EC010A521EFBD108E692ED4A
:100A4000000AD1ED000ABCF1010CE2EC010AA1ECB4
:100A5000010AF4D1B7E694ED000AD0ED000A491E70
:100A6000E4EC010AA0EC010AF5D1BDE6D1ED000AE3
:100A7000401E80EE801AA1EC011AF7D1EEE6D3ED0C
:100A8000000A401E80EE801AA3EC011AF7D10EE78F
:100A9000BCEC011AD1ED000A5B1E40EE410AE1EC0C
:100AA000010AF5D14DE7B0EC011AD2ED000A5B1E48
:100AB00040EE410AE2EC010AF5D17BE72DE9F04F67
:100AC00082B0466853680193058847884B880020A8
:100AD00000900888874201BFB2F800C0654552887F
:100AE00093421EBF6FF0020002B0BDE8F08F9FED91
:100AF000412A4FEA970EC7F3400B00BFDDE9000221
:100B000002EB800A4A6898464FF00009B0EE420AAC
:100B1000B4465FEA0E0025D092ED001ADCED001A13
:100B200002EB8302DCED010A01EE810A92ED001A6C
:100B300002EB8302401ED2ED001A02EB830200EEAC
:100B4000810A9CED021ADCED030A00040CF1100C82
:100B5000000C01EE210A92ED001A02EB830200EE76
:100B6000810AD9D117F0030026D0ACF10404A2EB1E
:100B7000830210F0010F08D002EB8302D4ED010ACA
:100B800092ED001A241D00EE810A5FEA0B0013D0DB
:100B900002EB830CD4ED010A9CED001A02EBC302B8
:100BA000401E00EE810AD4ED020A92ED001A04F113
:100BB000080400EE810AEBD109F10100AAEC010A58
:100BC0001FFA80F9486800EB8902A8F101001FFABA
:100BD00080F8B8F1000F99D1009806EB8706184409
:100BE00080B20090681E05042D0C87D102B0002051
:100BF000BDE8F08F0000000070B405880E884468DE
:100C0000D1F804C05368B54208D140884988884269
:100C100001BF11888D425188884203D070BC6FF0AB
:100C20000200704705FB00F1880827D094ED001AF8
:100C3000DCED000A94ED010ADCED011A31EE601AD8
:100C4000D4ED020A70EE611A9CED020A83ED001ADF
:100C5000C3ED011A94ED031ADCED031A30EEC00A5D
:100C6000401E71EE610A83ED020A04F11004C3ED27
:100C7000030A03F110030CF1100CD7D111F003009B
:100C800030D0B0F1004F30D200282BDD211F1B1FC8
:100C9000ACF1040210F0010F0AD091ED010AD2ED7F
:100CA000010A091D121D30EE600A83ED010A1B1DA9
:100CB000400817D091ED010AD2ED010A401E30EE36
:100CC000600A83ED010A91ED020AD2ED020A01F1F8
:100CD000080102F1080230EE600A83ED020A03F116
:100CE0000803E7D170BC00207047B4EC010A401E35
:100CF000FCEC010A30EE600AA3EC010AF5D1F1E741
:100D00002DE9F04F02884768B0F802804888D1F892
:100D1000049082B04FF0000A1646824207BF09884D
:100D200088456FF0020002B018BFBDE8F08F4FEAAF
:100D3000980B02EB42000190C8F34000CDF8000090
:100D400009EB8A01BBF1000F33D0019801EB820C53
:100D500001EB80043B46E64601EBC2054FEA0B007F
:100D600093ED000A401E81ED000A93ED010A01EBAC
:100D700002118CED000A93ED020A0CEB021C85EDCA
:100D8000000A93ED030A05EB021584ED000A04EB5B
:100D9000021403F11003E3D10EEB820000EB82009A
:100DA00000EB8201ABF10100504307EB0B1701EBA5
:100DB000001118F0030C21D03B1FA1EB82011CF0A5
:100DC000010F06D093ED010A01EB82011B1D81ED9D
:100DD000000A009880B100BF93ED010A01EB820484
:100DE00001EBC20184ED000A93ED020A401E81ED81
:100DF000000A03F10803EFD107EB8C070AF10100A9
:100E00001FFA80FA701E0604360C99D102B0002039
:100E1000BDE8F08F70B5064600F028F9056806F1C8
:100E20000B0020F00704B4429CBF002070BD2B468D
:100E30006A68BAB11068A04210D304F10801884270
:100E40003CBF5068586007D3516810194160116861
:100E5000091B016058601460101D70BD1346526874
:100E6000002AE7D12146284600F008F90028DED103
:100E700070BD53EA020C00F069802DE9F04B4FF091
:100E80000006002B1FBFB3FA83F503FA05F424FA1A
:100E900005F65E4012BF1643B2FA82F502FA05F477
:100EA000C5F120051EBF22FA05FC44EA0C042035DA
:100EB00056EA044C4FEA144418BF641C4FF0000873
:100EC0004FF00009904271EB030C39D3002919BF90
:100ED000B1FA81F701FA07F6B0FA80F700FA07F6DF
:100EE000C7F120071EBF20FA07FC46EA0C06203790
:100EF000B6FBF4FCA7EB0507103F07F01F0BCBF187
:100F000020060CFA0BFB2CFA06F644BFB34600266B
:100F1000202FA4BF5E464FF0000B5BEA060C08BF13
:100F20004FF0010B19EB0B09ABFB027C48EB0608F9
:100F3000C01B06FB02CC0BFB03CC71EB0C01C1E721
:100F40000B46024641464846BDE8F08B13B54FF0CC
:100F500000004FF00001AFF30080BDE81C40704777
:100F600010B5203AC0F00B80B1E81850203AA0E844
:100F70001850B1E81850A0E81850BFF4F5AF5FEA78
:100F8000027C24BFB1E81850A0E8185044BF18C92B
:100F900018C0BDE810405FEA827C24BF51F8043BD2
:100FA00040F8043B08BF7047D20728BF31F8023B26
:100FB00048BF11F8012B28BF20F8023B48BF00F8BA
:100FC000012B704702F0FF0343EA032242EA024288
:100FD00000F002B84FF000020429C0F0128010F0B7
:100FE000030C00F01B80CCF1040CBCF1020F18BF05
:100FF00000F8012BA8BF20F8022BA1EB0C0100F098
:101000000DB85FEAC17C24BF00F8012B00F8012B6A
:1010100048BF00F8012B70474FF0000200B513469F
:1010200094469646203922BFA0E80C50A0E80C5008
:10103000B1F12001BFF4F7AF090728BFA0E80C50B9
:1010400048BF0CC05DF804EB890028BF40F8042BB2
:1010500008BF704748BF20F8022B11F0804F18BF1F
:1010600000F8012B70477047704770470048704781
:101070000CB20020704770477047704738B504467F
:101080000A4600206946AFF30080002808BF38BD3B
:1010900002460099204600F075F8012038BD012075
:1010A00000F0A2B8F8B5AFF30080054600200C466A
:1010B000102000BF0646A819A0420DD93246694645
:1010C0000020AFF30080070008BF00F08DF8009803
:1010D000A04218BF0546C419FFF7C8FF05600746C0
:1010E000F01D20F007004619284600F00AF8B44227
:1010F00008BFF8BDA21B31463868BDE8F84000F0D3
:1011000041B800210160C0E901107047102070470C
:1011100070B50446051FFFF7A9FF0068002C14BF37
:10112000446870BD002C18BFAC423CBF20466468C8
:10113000F8D301680A18AA4218BF456003D12A688B
:1011400005461144016028684119A1421CBF6C602A
:1011500070BD6168696021680844286070BD10B581
:1011600000F00CF8006810BD10B5044600F006F859
:10117000046010BD0048704704B20020004870476A
:1011800004B20020034640688C46002818BF8842FD
:101190003CBF03464068F8D318681844884207D01B
:1011A0000CF1030020F00700001D411A521A0146FD
:1011B000081D0A60FFF7ACBF1FB584B000200A9C71
:1011C00006AB04AA02A90094AFF3008018B1DDE9D0
:1011D000020108B010BD0348204000F040F8002094
:1011E0000146F6E70000207C10B500F03FF8BDE8AE
:1011F000104000F02FB870477546FFF7BBFFAE46B2
:1012000005006946534620F00700854618B020B512
:10121000FFF79CF8BDE820404FF000064FF00007B4
:101220004FF000084FF0000B21F00701AC46ACE88E
:10123000C009ACE8C009ACE8C009ACE8C0098D46FB
:10124000704710B50446AFF300802046BDE810405B
:10125000FFF707B8002801D000F030B8704710B58C
:1012600000F04CF8BDE81040FFF7F4BF10B50128BE
:1012700005D0002103A000F027F8012010BD09A12E
:10128000F8E7000053494752544D454D3A204F75F9
:1012900074206F662068656170206D656D6F72796E
:1012A000000000003A2048656170206D656D6F7226
:1012B0007920636F7272757074656400014918203B
:1012C000ABBEFEE72600020070B505460C460A20BC
:1012D00000E06D1C00F068F835B128780028F8D1DE
:1012E00002E0641C00F060F814B120780028F8D106
:1012F000BDE870400A2000F057B8000010B5022881
:1013000003D0410103D50DA112E0002010BD010161
:1013100001D50FA10CE0C10001D511A108E08100A9
:1013200001D512A104E0400001D513A100E0002185
:1013300015A0FFF7C9FF012010BD0000496E7661BE
:101340006C6964204F7065726174696F6E00000093
:10135000446976696465204279205A65726F00009D
:101360004F766572666C6F7700000000556E64659D
:1013700072666C6F77000000496E65786163742057
:10138000526573756C7400005349474650453A20C6
:1013900041726974686D657469632065786365700E
:1013A00074696F6E3A20000008B569468DF8000038
:1013B0000320ABBE08BD000010B501221021024879
:1013C00002F084FA10BD00000000024010B50022B7
:1013D0001021024802F07AFA10BD0000000002401D
:1013E00010B501221146024802F070FA10BD00004B
:1013F0000004024010B500220121024802F066FA02
:1014000010BD00000004024010B50446FFF7DEFFE7
:10141000922000F0A3F906229549122000F07EF9EF
:10142000FFF7CAFF92484078000200B2904909785D
:101430000843904908800846B0F9000000EE100A01
:10144000B8EEC00A8C48D0ED000A20EE200AD4ED98
:10145000080A20EE200A84ED000A8548C0780002C0
:1014600000B2834989780843824908800846B0F968
:10147000000000EE100AB8EEC00A7F48D0ED000A66
:1014800020EE200AD4ED080A20EE200A84ED010A9D
:1014900077484079000200B27549097908437549D7
:1014A00008800846B0F9000000EE100AB8EEC00A45
:1014B0007148D0ED000A20EE200AD4ED080A20EE93
:1014C000200A84ED020AFFF795FF082268490020F0
:1014D00000F024F9FFF784FF654800780F284FD10A
:1014E00066480078F0B36248C078000200B26049F4
:1014F000897808435F49088094ED090A0846B0F9E5
:10150000000000EE900AF8EEE00A5D4890ED001A47
:1015100010EE810A84ED030A55484079000200B2BA
:101520005349097908435349088094ED0A0A08464B
:10153000B0F9000000EE900AF8EEE00A504890ED95
:10154000001A10EE810A84ED040A4948C0790002AD
:1015500000B24749897908434649088094ED0B0A4F
:10156000084600E00DE0B0F9000000EE900AF8EE49
:10157000E00A434890ED001A10EE810A84ED050A56
:1015800044E03B48C078000200B2394989780843FA
:10159000384908800846B0F9000000EE100AB8EE9D
:1015A000C00A3748D0ED000A20EE200A84ED030A75
:1015B0002F484079000200B22D49097908432D498E
:1015C00008800846B0F9000000EE100AB8EEC00A24
:1015D0002B48D0ED000A20EE200A84ED040A2448AE
:1015E000C079000200B22249897908432149088064
:1015F0000846B0F9000000EE100AB8EEC00A204814
:10160000D0ED000A20EE200A84ED050AFFF7DEFE89
:10161000A22000F0A3F802221549222000F07EF853
:10162000FFF7CAFE12480078C0001149497840EA25
:101630006110104908800846B0F90000B0F5806FCD
:1016400005DB08460088A0F5006000B20880094864
:10165000B0F9000000EE100AF8EEC00AB4EE001A6D
:10166000B3EE070A00EE810A84ED070A10BD000000
:10167000B2040020BA040020740400208404002076
:101680007804002070B504460D461C480460002014
:101690001B4908700DF0CEFC194909780843184918
:1016A00008700DF07DFD164909780843144908704B
:1016B0001DB1144800F0C0F91CE09FED130A114859
:1016C00080ED090A9FED110A80ED0A0A9FED0F0ACD
:1016D00080ED0B0A9FED0E0A80ED0C0A90ED0C0ACE
:1016E000DFED0C0A80EE801A80ED081A9FED0A0AE1
:1016F00080ED060A0248007870BD0000BC0400209E
:101700007E040020C4A20020AC38223BB016CE39A3
:101710003F161B41C3F51C410000204270B5064630
:101720000C46154646F0800000F018F806E05520FB
:1017300000F014F82070641C681EC5B2002DF6D1AC
:1017400070BD70B504460D4644F0800000F006F808
:10175000552000F003F8287070BD000001B582B07C
:101760004FF47A70012301AA02A90090034800688F
:1017700003F0C4FE9DF804000EBD0000BC04002070
:1017800070B505460C462846FFF7E8FF2046FFF7F0
:10179000E5FF70BDD2ED020A92ED021AB6EE000A24
:1017A00000EEC10AD2ED030A92ED031A00EEC10A5F
:1017B000D0ED000A20EE200AD2ED010A92ED021AC5
:1017C00060EE810A92ED001AD2ED031A41EE610A31
:1017D00090ED011A00EE810AD2ED010A92ED031A92
:1017E00060EE810A92ED001AD2ED021A41EE210A52
:1017F00090ED021A00EE810AF0EE000A20EE200AB7
:1018000081ED000A92ED010AD2ED020A20EE200AD3
:10181000D2ED000A92ED031A00EE810AD0ED000A23
:1018200060EE200A92ED011AD2ED011AB6EE000A1E
:1018300001EE610AD2ED031A92ED032AB0EE401ACE
:1018400001EEC21AD0ED011AB0EE600A01EE210AD3
:10185000D2ED020A92ED031A60EE810A92ED001AAF
:10186000D2ED011A41EE610A90ED021A00EE810AF2
:10187000F0EE000A20EE200A81ED010A92ED010A45
:10188000D2ED030A20EE200AD2ED000A92ED021AF0
:1018900000EEC10AD0ED000A20EE200AD2ED020AC5
:1018A00092ED031A60EE810A92ED001AD2ED011A50
:1018B00041EE210A90ED011A00EE810A92ED011A23
:1018C000D2ED011AF6EE000A41EE610A92ED021A1B
:1018D000D2ED021A41EE610A90ED021A00EE810A81
:1018E000F0EE000A20EE200A81ED020A704700BFE8
:1018F000FEE7000010B5024801F01DF910BD000020
:101900007809002010B5024801F015F910BD00005B
:101910007809002010B5024801F00DF910BD000053
:10192000A009002010B5024801F005F910BD000023
:10193000A00900200346042B15D007DC7BB1012B46
:101940000ED0022B0DD0032B12D10BE0202B0BD08D
:10195000212B0AD0222B09D0232B09D107E008E044
:1019600007E006E005E004E003E002E001E000E05B
:1019700000BF00BF002070470020704710B5002254
:101980000449054809F0E8FE0449034809F0D6FE79
:10199000002010BDE0210020000E0020E0190020F2
:1019A00070B504460D462146074809F0C7FE0648B3
:1019B00009F094FE204610F0D7FB0448D0F80B0045
:1019C00003498865002070BD000E002068AF00202C
:1019D000BCA7002010B503460C460021084610BDE8
:1019E0002DE9F04104460D4600260A48D0F8BC72A5
:1019F000D7F8140210B10120BDE8F0812A46214633
:101A0000044809F0A9FE034809F03EFF06463046A7
:101A1000F2E70000000E0020064890ED1D0AF3EEEC
:101A2000040AB4EEE00AF1EE10FA01D20120704788
:101A30000020FCE7F8A2002070B52DED048B88B0E3
:101A4000044600200690079000F034FCFE4880ED2C
:101A5000000A00BF00F02EFCFB48D0ED000A30EE7B
:101A6000600AF2EE040AB4EEE00AF1EE10FA14DDB8
:101A70009FEDF60A84ED090A9FEDF50A84ED0A0A46
:101A80009FEDF30A84ED0B0A9FEDF20A84ED0C0A38
:101A90009FEDF10A84ED060A55E29FEDF00A00F091
:101AA000C5FB9FEDEF0A84ED0C0A9FEDED0A84ED76
:101AB000090A9FEDEB0A84ED0A0A9FEDE90A84ED1D
:101AC0000B0A002673E1FFF781FC9220FFF746FE28
:101AD000062206A91220FFF721FEFFF76DFC9DF8F4
:101AE0001900000200B29DF8181040EA010500EE4E
:101AF000105AB8EEC00ADB48D0ED000A20EE200AEA
:101B000084ED000A9DF81B00000200B29DF81A1037
:101B100040EA010500EE105AB8EEC00AD148D0EDF7
:101B2000000A20EE200A84ED010A9DF81D00000243
:101B300000B29DF81C1040EA010500EE105AB8EE04
:101B4000C00AC848D0ED000A20EE200A84ED020A3F
:101B5000D4ED000A60EEA00A94ED011AD4ED011A4A
:101B600041EE210A94ED021AD4ED021A41EE210A47
:101B7000B0EE600A0DF044F9B0EE408A94ED0C0A24
:101B800030EE080A84ED0C0AFFF734FC082206A99F
:101B90000020FFF7C3FDFFF723FC9DF818000F2876
:101BA00050D19DF81B00000200B29DF81A1040EAC7
:101BB000010500EE105AB8EEC00AAB48D0ED000A9D
:101BC00020EE200A84ED030A94ED090AD4ED030AFD
:101BD00030EE200A84ED090A9DF81D00000200B2D3
:101BE0009DF81C1040EA010500EE105AB8EEC00A3C
:101BF0009D48D0ED000A20EE200A84ED040A94ED01
:101C00000A0AD4ED040A30EE200A84ED0A0A9DF88F
:101C10001F00000200B29DF81E1040EA010500EE10
:101C2000105AB8EEC00A9048D0ED000A20EE200A03
:101C300084ED050A94ED0B0AD4ED050A30EE200A76
:101C400084ED0B0A06BBF0EE488AB0EE489A0020FD
:101C500017E004F10C0101EB800191ED000A03A9EA
:101C600001EB800181ED000A04F10C0101EB800120
:101C700091ED000A694601EB800181ED000A411CEB
:101C8000C8B20328E5DB49E0B4EEE88AF1EE10FAC9
:101C900001DDF0EE488AB4EEC98AF1EE10FA01D205
:101CA000B0EE489A002037E004F10C0101EB80010E
:101CB00091ED000A03A901EB8001D1ED000AB4EE19
:101CC000E00AF1EE10FA0ADD04F10C0101EB8001EB
:101CD00091ED000A03A901EB800181ED000A04F1F6
:101CE0000C0101EB800191ED000A694601EB8001D6
:101CF000D1ED000AB4EEE00AF1EE10FA0AD204F1D6
:101D00000C0101EB800191ED000A694601EB8001B5
:101D100081ED000A411CC8B20328C5DB38EEC90AB0
:101D2000524880ED000A002012E003A901EB800177
:101D300091ED000A694601EB8001D1ED000A30EE19
:101D4000600A4B4901EB800181ED000A411CC8B2D9
:101D50000328EADB454890ED000AF6EE000AB4EEEF
:101D6000E00AF1EE10FA1BDC414890ED000ADFEDCD
:101D7000410AB4EEE00AF1EE10FA11DC90ED010A2E
:101D8000DFED3C0AB4EEE00AF1EE10FA08DC90ED6B
:101D9000020ADFED380AB4EEE00AF1EE10FA00DDD7
:101DA0000AE09FED350A00F041FA701C86B2334814
:101DB00000888642FFF687AE00BFD4ED0C0A2F489C
:101DC000008800EE100AB8EE400A80EE801A84ED1A
:101DD0000C1A002015E004F1240101EB8001D1ED83
:101DE000000A2649098800EE101AB8EE400A80EE73
:101DF000801A04F1240101EB800181ED001A411CDD
:101E0000C8B20328E7DBFFF7E1FAA220FFF7A6FC40
:101E1000022206A92220FFF781FCFFF7CDFA9DF8E8
:101E20001800C0009DF8191040EA6115B5F5806FE3
:101E300002DBA5F5006005B200EE105AF8EEC00A0C
:101E4000B4EE001A1CE00000AC040020AC38223BC9
:101E5000B016CE393F161B41000020420AD7A33BE3
:101E6000000000007404002078040020800400209A
:101E7000B8A200209A99193E6F12033AB0040020CC
:101E8000B3EE070A00EE810A84ED060A34480088A2
:101E9000401C00B232490880324890ED000AF6EE4C
:101EA000000AB4EEE00AF1EE10FA3FF7D3AD94ED7C
:101EB0000C0ADFED2D0A30EE600AB0EEC00AF6EE35
:101EC000000AB4EEE00AF1EE10FAEEDC274890EDDD
:101ED000000A5FED180AB4EEE00AF1EE10FAE4DC55
:101EE00090ED010A5FED1D0AB4EEE00AF1EE10FA82
:101EF000DBDC90ED020A5FED210AB4EEE00AF1EEC0
:101F000010FAD2DC94ED090AB0EEC00ADFED180A2F
:101F1000B4EEE00AF1EE10FAC7DC94ED0A0AB0EE76
:101F2000C00ADFED130AB4EEE00AF1EE10FABCDCF1
:101F300094ED0B0AB0EEC00ADFED0D0AB4EEE00A34
:101F4000F1EE10FAB1DC00BF94ED0C0ADFED090AE6
:101F500080EE801A84ED081A08B0BDEC048B70BDC9
:101F60008604002080040020CDCC1C41B8A20020B3
:101F70000AD7233CC3F51C410DF08CFC4DE0002436
:101F800000BF3DE004EB4400244951F83000401C00
:101F900004EB4401214A42F8310004EB44001146AD
:101FA00051F8300004EB440102EBC101496888425A
:101FB0001DD9012004EB440102EBC101087204EBBE
:101FC0004400114601EBC000406804EB440142F8B4
:101FD000310004EB4400114601EBC000C06868B159
:101FE00004EB440102EBC101C868804706E0002011
:101FF00004EB4401094A02EBC1010872601CC4B23F
:102000000B2CBFDB07F062FF012011F05BFD00200D
:1020100011F054FC0249086000BFB0E720A6002080
:10202000A805002010B5024801F052F910BD0000CB
:10203000E00C002010B5024801F04AF910BD000084
:10204000400A002010B5024801F042F910BD00001E
:10205000400D002010B5024801F03AF910BD000013
:10206000200C002010B5024801F032F910BD00002C
:10207000A00A002010B5024801F02AF910BD0000A6
:10208000A00D002010B5024801F022F910BD00009B
:10209000800C00200146087810381823B0FBF3F2BA
:1020A0000848805CC865032A05D908686FF30900F1
:1020B000001D886503E008686FF309008865886D76
:1020C0007047000044600108014600208A6A8B695D
:1020D000CBB932B1012A0DD0022A03D0032A10D184
:1020E0000EE000BFCB6A03F08073B3F1807F00D1B4
:1020F000012007E0CB6AB3F1C07F00D1012001E0ED
:1021000000E000BF34E08B69B3F5005F1AD132B153
:10211000012A07D0022A03D0032A11D10AE000BF06
:1021200001200EE0CB6A03F08073B3F1807F00D111
:10213000012006E0CB6AB3F1C07F00D1012000E0AE
:1021400000BF15E032B1012A05D0022A04D0032ACB
:102150000CD103E000BF00BF012008E0CB6A03F010
:102160008073B3F1807F00D1012000E000BF00BF89
:10217000704730B50468246824F4802405682C6016
:10218000046863608468402C04D10468A260046819
:10219000E16003E00468A1600468E26030BDF3B56B
:1021A0002DED020B89B007460E4609AC0AAD039629
:1021B0000020059006900820079020788DF80400F4
:1021C00060788DF80500A0788DF80600E0788DF82D
:1021D000070028788DF8080068788DF80900A8783D
:1021E0008DF80A00E8788DF80B006B4601AA03A968
:1021F000384600F0A0FA0DB0F0BD000008B5084860
:1022000040680090074900980968884204D206484F
:102210000068401C0449086002490098086008BD35
:10222000001000E048050020440500200C494868E3
:10223000F0EE400A00BF0A494968091A01EE101A77
:10224000F8EE411A074991ED001AB8EE411A20EE56
:10225000811AF4EEC11AF1EE10FAECD370470000C7
:10226000001000E03805002010B52DED028B82B083
:1022700004460E484068019020680199081A00EE53
:10228000100AF8EE400A0A4890ED000AB8EE400A3B
:1022900080EE801AB0EE418A01982060FFF7AEFF11
:1022A000B0EE480A02B0BDEC028B10BD001000E099
:1022B0003805002010B52DED028B00F05FF80F48B7
:1022C00090ED000AB8EE400A808800EE900AF8EE21
:1022D000600A9FED0B1A00EE810A0848C08800EEE4
:1022E000900AF8EE600A9FED071A00EE810AB0EE40
:1022F000408AB0EE480ABDEC028B10BD30050020CC
:102300006F12833ABD37863514490968491C134A50
:1023100011601349096841F08071114A1160002170
:10232000104A51601146096841F0010111600E49DF
:1023300041430E4A1160114609684FF47A72B1FBAD
:10234000F2F10B4A116009490968074AB1FBF2F141
:10235000084A11600021084A1160704758050020A2
:10236000FCED00E0001000E040420F0038050020C6
:102370003C050020400500204405002038B52948D0
:1023800040680090FFF73AFF274800684FF0FF31A0
:10239000A0FB01310098181841F10001234A03C243
:1023A000234800232149026803C9FEF762FD214A40
:1023B00003C220480CC81E4800680024A2FB001578
:1023C00003FB005002FB04021848D0E90030591A00
:1023D00060EB0200184AC2E900101648006817496D
:1023E0000860174800231449026803C9FEF741FD3D
:1023F00012498880084680881149096841430E487F
:10240000D0E90030591A60F100000E4AC2E900100C
:102410000D4800230B49026803C9FEF72AFD07494E
:10242000C88038BD001000E04405002050050020A1
:1024300038050020600500206805002030050020D8
:102440003C0500207005002040050020704710B5B5
:10245000082001F033F910BD10B5102001F02EF95D
:1024600010BD10B5202001F029F910BDD2ED020AEF
:1024700092ED021AB6EE000A00EEC10AD2ED030A8E
:1024800092ED031A00EEC10AD0ED000A20EE200AF8
:10249000D2ED010A92ED021A60EE810A92ED001A65
:1024A000D2ED031A41EE210A90ED011A00EE810AE5
:1024B000D2ED010A92ED031A60EE810A92ED001A44
:1024C000D2ED021A41EE610A90ED021A00EE810A85
:1024D000F0EE000A20EE200A81ED000A92ED010ADA
:1024E000D2ED020A20EE200AD2ED000A92ED031A84
:1024F00000EEC10AD0ED000A60EE200A92ED011A4A
:10250000D2ED011AB6EE000A01EE610AD2ED031A0D
:1025100092ED032AB0EE401A01EEC21AD0ED011A74
:10252000B0EE600A01EE210AD2ED020A92ED031A22
:1025300060EE810A92ED001AD2ED011A41EE210AF5
:1025400090ED021A00EE810AF0EE000A20EE200A59
:1025500081ED010A92ED010AD2ED030A20EE200A74
:10256000D2ED000A92ED021A00EE810AD0ED000AC7
:1025700020EE200AD2ED020A92ED031A60EE810AE3
:1025800092ED001AD2ED011A41EE610A90ED011AA6
:1025900000EE810A92ED011AD2ED011AF6EE000A60
:1025A00041EE610A92ED021AD2ED021A41EE610A81
:1025B00090ED021A00EE810AF0EE000A20EE200AE9
:1025C00081ED020A704772B600BFFEE710B59FEDBD
:1025D0000D2ADFED0C1A9FED0B1ADFED0A0A9FEDB5
:1025E000090A042108480CF0F1FF0848D0ED100A50
:1025F000B0EE600ADFED030A40F203110248FFF774
:10260000CEFD10BD0000000078090020BCA700200E
:102610001CB5002000900346024640F2FF110190D5
:10262000014810F05FF81CBDA009002010B59FED17
:10263000072ADFED061A9FED051ADFED040A9FED6C
:10264000030A052102480CF0C1FF10BD0000000084
:10265000A009002010B52DED028BB0EE408AF0EEFF
:10266000608AF5EEC08AF1EE10FA0ADD144890EDAA
:10267000000A38EE400AC0EE280A1248C0ED000AEF
:1026800004E09FED110A0F4880ED000A0C4890ED20
:10269000000A38EE400A0D4880ED000A094890ED26
:1026A000000A0B4805F04AFD0A4880ED000A04487C
:1026B00080ED008A074890ED000ABDEC028B10BD4A
:1026C000D8040020E004002000000000E404002002
:1026D00040A40020DC04002070B50A480468001DF6
:1026E0000568001D0668344454B108220649204696
:1026F00005F0AAFC042204491031284605F0A4FC88
:1027000070BD0000107AFF1F6600002010B5024661
:1027100092F82030012B01D0022B06D110684069BD
:10272000084314686061002010BD506A40F48020A6
:1027300050620120F8E7F0B504460D461E4694F8B5
:10274000207020688368A86800B900E000BF012FEE
:1027500001D0022F7DD103F0806030B903F000601A
:1027600018B903F0805000287ED0C3F30161012026
:1027700088403060A86860B9B5F800C0E86840EAF1
:102780004C5C206800F5C07000EB0110C0F800C080
:102790000FE0D5E901C040EACC00D5F80CC040EA12
:1027A0000C00D4F800C00CF5C07C0CEB011CCCF87C
:1027B0000000D5F810C0206800F5C07000EB0110D3
:1027C000C0F804C0287D01280ED1206800F5C07033
:1027D00000EB0110406840F4807C206800F5C07078
:1027E00000EB0110C0F804C0D079000692F806C0D2
:1027F00040EA0C4092F805C040EA0C2092F804C070
:1028000040EA0C00D4F800C00CF5C07C0CEB011CB5
:10281000CCF80C00D078000692F802C040EA0C40D8
:1028200092F801C040EA0C2092F800C040EA0C0087
:10283000D4F800C00CF5C07C0CEB011CCCF80800EF
:10284000206800F5C07000EB0110006840F0010C3A
:1028500001E00FE008E0206800F5C07000EB011017
:10286000C0F800C00020F0BD606A40F40010606253
:102870000120F8E7606A40F4802060620120F2E7FE
:10288000F0B504460A4694F82050012D01D0022DDF
:102890007ED1424901F50071086840F001000860EE
:1028A000086820F47C5008600868566A40EA0620F0
:1028B0000860107D00F01F06012000FA06F3C869C9
:1028C0009843C861A1F50071D069C8B9D1F80C026C
:1028D0009843C1F80C02908880B2968940EA064677
:1028E00001F51070576940F83760108880B216897A
:1028F00040EA064601F51070576900EBC7004660D4
:10290000D069012819D1D1F80C021843C1F80C0282
:10291000908880B2168840EA064601F51070576923
:1029200040F83760908980B2168940EA064601F582
:102930001070576900EBC7004660906928B9D1F85C
:1029400004029843C1F8040204E0D1F804021843D9
:10295000C1F80402106928B9D1F814029843C1F8EB
:10296000140204E0D1F814021843C1F81402106AEA
:10297000012804D1D1F81C021843C1F81C02D1F877
:10298000000220F00100C1F800020020F0BDFFE7C6
:10299000606A40F4802060620120F7E70064004034
:1029A000704770B5044694F82050012D01D0022DD7
:1029B0007DD151B92068C06800F0030080B9606A19
:1029C00040F400106062012070BD2068006900F0D2
:1029D000030028B9606A40F4001060620120F3E748
:1029E000206800F5D87000EB0110006800F00400CA
:1029F0009060906840B9206800F5D87000EB011035
:102A00000068400D106007E0206800F5D87000EB0A
:102A100001100068C0085060206800F5D87000EB15
:102A20000110006800F00200D060206800F5D87046
:102A300000EB0110406800F00F00082802D30820C6
:102A4000106108E0206800F5D87000EB01104068C4
:102A500000F00F001061206800F5D87000EB011045
:102A6000406800F47F40000A9061206800F5D8704B
:102A700000EB01104068000C5061206800F5D87030
:102A800000EB011080681870206800F5D87000EB2A
:102A90000110806800F47F40000A5870206800F53B
:102AA000D87000EB0110806800F47F0000E03CE08B
:102AB000000C9870206800F5D87000EB0110806859
:102AC000000ED870206800F5D87000EB0110C068C7
:102AD0001871206800F5D87000EB0110C06800F490
:102AE0007F40000A5871206800F5D87000EB011093
:102AF000C06800F47F00000C9871206800F5D87061
:102B000000EB0110C068000ED87131B92068C068B0
:102B100040F020002668F06005E02068006940F081
:102B200020002668306100204EE7606A40F4802073
:102B30006062012048E72DE9F05F04460025206827
:102B400046692068D0F80490206887682068D0F82B
:102B50000CA02068D0F810B02068D0F8188006F0DB
:102B60000100002855D007F00100C0B10120216804
:102B7000886007F0020018B1204600F036FB0EE036
:102B800007F0040010B145F4006508E007F0080004
:102B900010B145F4805502E0204600F025FB07F413
:102BA0008070C8B14FF480702168886007F40070AD
:102BB00018B1204600F01BFB0EE007F4806010B156
:102BC00045F4005508E007F4006010B145F4804575
:102BD00002E0204600F00AFB07F48030C8B14FF451
:102BE00080302168886007F4003018B1204600F07A
:102BF00000FB0EE007F4802010B145F4004508E02A
:102C000007F4002010B145F4803502E0204600F0C2
:102C1000EFFA06F0080038B10AF0100020B145F4D0
:102C2000007510202168C86006F0040040B10AF069
:102C3000080028B108202168C860204600F01CFA6E
:102C400006F0020038B12068C06800F0030010B13F
:102C5000204600F013FA06F0400038B10BF01000E7
:102C600020B145F4806510202168086106F020003D
:102C700040B10BF0080028B1082021680861204607
:102C800000F01EFA06F0100038B12068006900F06C
:102C9000030010B1204600F015FA06F4003040B1F0
:102CA00009F0100028B1102021684860204600F08B
:102CB0006BFA06F4803040B109F0080028B1082012
:102CC00021684860204600F095FA06F4004088B379
:102CD00009F0040078B306F4807020B108F0010018
:102CE00008B145F0010506F4007020B108F00200BB
:102CF00008B145F0020506F4806020B108F0040038
:102D000008B145F0040506F40060A0B108F07000B9
:102D100088B108F07000402817D006DC10280BD0CE
:102D200020280CD0302819D10CE0502810D0602871
:102D300014D110E01DE019E045F008050FE045F062
:102D400010050CE045F0200509E045F0400506E0DF
:102D500045F0800503E045F4807500E000BF00BF4A
:102D60002068806920F07000216888610420216853
:102D700048602DB1606A284360622046FFF710FE6C
:102D8000BDE8F09F70B504460CB9012070BD94F801
:102D9000200010B9204600F0AFF82068006840F02D
:102DA00001002168086000F097FD05460DE000F085
:102DB00093FD401B0A2808D9606A40F40030606225
:102DC000052084F820000120E0E72068406800F03A
:102DD00001000028EBD02068006820F00200216884
:102DE000086000F079FD05460DE000F075FD401B20
:102DF0000A2808D9606A40F400306062052084F82F
:102E000020000120C2E72068406800F0020000288E
:102E1000EBD1207E012806D12068006840F08000B8
:102E20002168086005E02068006820F080002168C3
:102E30000860607E012806D12068006840F04000EC
:102E40002168086005E02068006820F040002168E3
:102E50000860A07E012806D12068006840F02000AC
:102E60002168086005E02068006820F020002168E3
:102E70000860E07E012806D12068006820F010007C
:102E80002168086005E02068006840F010002168B3
:102E90000860207F012806D12068006840F0080003
:102EA0002168086005E02068006820F008002168BB
:102EB0000860607F012806D12068006840F00400A7
:102EC0002168086005E02068006820F0040021689F
:102ED0000860D4E902010843216908436169084395
:102EE0006168491E08432168C861002060620120B2
:102EF00084F82000002049E710B586B0044614216C
:102F000001A8FEF789F856492068884249D15548FA
:102F10000068401C534908600846006801280FD12A
:102F200000BF002000905048006840F000704E49FB
:102F300008600846006800F00070009000BF00BF05
:102F400000BF0020009048481038006840F008009A
:102F50004549103908600846006800F008000090F4
:102F600000BF00BF032001900220029000200390C8
:102F7000032004900920059001A93C4800F0ACFB17
:102F800000220521132000F06FFD132000F058FDF2
:102F900000220521142000F067FD142000F050FDF0
:102FA0005CE033492068884258D100BF002000907F
:102FB0002D48006840F080602B4908600846006892
:102FC00000F08060009000BF00BF26480068401CF1
:102FD000244908600846006801280FD100BF00207E
:102FE00000902148006840F000701F4908600846C2
:102FF000006800F00070009000BF00BF00BF00201C
:10300000009019481038006840F002001649103945
:1030100008600846006800F00200009000BF00BF92
:103020006020019002200290002003900320049071
:103030000920059001A90F4800F04EFB0022052150
:103040003F2000F011FD3F2000F0FAFC0022052196
:10305000412000F009FD412000F0F2FC06B010BD57
:10306000006400402C00002040380240000C024068
:1030700000680040000402407047000010B58AB0AC
:10308000044601AB03AA00212046FFF78AFC0398FF
:10309000022802D003280AD104E001A906480CF056
:1030A00021FB05E001A905480CF01CFB00E000BF76
:1030B00000BF0AB010BD000048A500206CA500208C
:1030C0007047000010B58AB0044601AB03AA012185
:1030D0002046FFF766FC039804283DD0A0F20520A7
:1030E00040B3012802D0022840D111E02148C16933
:1030F000C069401C1F4AD061322904D801A910467A
:103100000DF042F903E001A91A480CF071FC2EE021
:103110001948C169C069401C174AD061322904D8D6
:1031200001A910460DF030F903E001A912480CF096
:103130005FFC1CE01148C169C069401C0F4AD061A6
:10314000322904D801A910460DF01EF903E001A9A7
:103150000A480CF04DFC0AE009480068401C084988
:10316000086001A907480CF0BDFA00E000BF00BFED
:103170000AB010BDB4A50020D8A50020FCA50020F1
:103180009C05002024A50020704770B5044694F8E3
:103190002000012822D1022084F820002068006845
:1031A00020F001002168086000F096FB05460DE064
:1031B00000F092FB401B0A2808D9606A40F40030F6
:1031C0006062052084F82000012070BD20684068FE
:1031D00000F001000028EBD16062F6E7606A40F47D
:1031E000002060620120F0E7704770477047704729
:1031F00070477047704770B50446A56D00F06CFBD2
:10320000064694F83500022808D08020606500BF8B
:10321000002084F8340000BF012070BD20680068E1
:1032200020F01600216808602068406920F08000C6
:1032300021684861206C08B9A06C28B1206800683A
:1032400020F00800216808602068006820F0010074
:103250002168086010E000F03FFB801B05280BD9B7
:1032600020206065032084F8350000BF002084F82A
:10327000340000BF0320D0E72068006800F00100A0
:103280000028E8D194F85C103F208840A860012015
:1032900084F8350000BF002084F8340000BF00BF70
:1032A000BBE7014691F83500022803D0802048652D
:1032B00001207047052081F835000868006820F07B
:1032C00001000A6810600020F3E70146486D70476E
:1032D000F8B50446002000908C4800684FF4165161
:1032E000B0FBF1F7A56D2E6894F85C1008208840BB
:1032F000304098B12068006800F0040070B1206888
:10330000006820F004002168086094F85C10082030
:103310008840A860606D40F00100606594F85C1022
:1033200001208840304068B12068406900F080008A
:1033300040B194F85C1001208840A860606D40F0B6
:103340000200606594F85C1004208840304068B149
:103350002068006800F0020040B194F85C1004207E
:103360008840A860606D40F00400606594F85C10CF
:1033700010208840304078B32068006800F00800D2
:1033800050B394F85C1010208840A8602068006852
:1033900000F4802080B12068006800F4002028B983
:1033A000206CC8B12046216C884715E0A06C98B10C
:1033B0002046A16C88470FE02068006800F4807008
:1033C00028B92068006820F0080021680860206C97
:1033D00010B12046216C884794F85C10202088406A
:1033E0003040002865D02068006800F010000028F8
:1033F0005FD094F85C1020208840A86094F83500D5
:10340000052828D12068006820F01600216808608F
:103410002068406920F0800021684861206C08B96C
:10342000A06C28B12068006820F0080021680860BE
:1034300094F85C103F208840A860012084F8350093
:1034400000BF002084F8340000BF206D10B120467A
:10345000216D8847F8BD2068006800F4802080B1A5
:103460002068006800F4002028B9606C10B1204684
:10347000616C88471DE0E06BD8B12046E16B88475E
:1034800017E02068006800F4807068B92068006860
:1034900020F0100021680860012084F8350000BF8A
:1034A000002084F8340000BFE06B10B12046E16BCF
:1034B0008847606D38B3606D00F00100F0B1052001
:1034C00084F835002068006820F001002168086059
:1034D00000BF0098401C0090B84200D905E0206869
:1034E000006800F001000028F3D100BF012084F83B
:1034F000350000BF002084F8340000BFE06C10B13C
:103500002046E16C884700BFA4E70000A800002027
:103510002DE9F0410446002500F0DEF9074614B914
:103520000120BDE8F081606A00B100BF022084F88C
:10353000350000BF002084F8340000BF2068006818
:1035400020F00100216808600AE000F0C5F9C01B06
:10355000052805D920206065032084F83500E0E7C0
:103560002068006800F001000028EED1206805689E
:1035700021480540D4E901010843E1680843216975
:10358000084361690843A1690843E1690843216A66
:1035900008430543606A042803D1D4E90B010843BA
:1035A0000543206805602068456925F00705606AC5
:1035B0000543606A04280DD1A06A0543E06A48B15A
:1035C0002046FEF781FD28B140206065012084F887
:1035D0003500A6E7206845612046FEF75BFD0646FC
:1035E00094F85C103F208840B060002060650120A6
:1035F00084F83500002094E73F8010F02DE9F04773
:1036000004460D4616461F464FF00008D4F8589061
:1036100000BF94F83400012802D10220BDE8F087F1
:10362000012084F8340000BF94F83500012825D12A
:10363000022084F83500002060653B46324629466A
:103640002046FEF796FD94F85C103F208840C9F8AC
:1036500008002068006840F0160021680860206CAF
:1036600028B12068006840F00800216808602068E0
:10367000006840F001002168086006E000BF0020FB
:1036800084F8340000BF4FF002084046C6E700004F
:1036900070B5044600F020F906462546681C10B1B6
:1036A00004480078054400BF00F016F9801BA842CA
:1036B000FAD370BDA40000207047000010B5044686
:1036C00004480068204020B1024804602046FFF70B
:1036D000F3FF10BD143C0140F8B502460B4600252F
:1036E000002400200021D6E0012606FA01F51E681C
:1036F00006EA0504AC4274D11E7906F00306012ED9
:1037000004D01E7906F00306022E13D190684F00F4
:103710000326BE40B0434F00DE68BE403043906099
:10372000506801268E40B0431E79C6F300168E40C5
:10373000304350601E7906F00306032E09D0D0688E
:103740004F000326BE40B0434F009E68BE4030434A
:10375000D0601E7906F00306022E13D1CF0802F1C5
:10376000200656F827004E07F70E0F26BE40B0433E
:103770004F07FF0E1E69BE403043CF0802F12006FE
:1037800046F8270010684F000326BE40B0431E795C
:1037900006F003064F00BE40304310605E6806F43A
:1037A0004036002E76D000BF002600963C4E36688C
:1037B00046F480463A4F3E603E46366806F4804600
:1037C000009600BF00BF374E8F0856F827008E07BF
:1037D000370F0F26BE40B043334EB24202D100260F
:1037E00024E057E0314EB24201D101261EE0304EB6
:1037F000B24201D1022619E02E4EB24201D1032677
:1038000014E02D4EB24201D104260FE02B4EB242FD
:1038100001D105260AE02A4EB24201D1062605E072
:10382000284EB24201D1072600E008268F073F0F3D
:10383000BE4030431B4E8F0846F82700224E3068AA
:10384000A0435E6806F4801606B120431E4E306029
:10385000361D3068A0435E6806F4001606B12043AA
:10386000194E361D3060184E361F3068A0435E6812
:1038700006F4003606B12043134E361F3060361F63
:103880003068A0435E6806F4803606B120430E4ED1
:10389000083E3060491C1029FFF426AFF8BD000037
:1038A0004438024008380140000002400004024051
:1038B00000080240000C02400010024000140240C8
:1038C00000180240001C0240083C01400AB181611E
:1038D00001E00B04836170470148006870470000F5
:1038E0009C00002003480068034909780844014906
:1038F000086070479C000020A400002010B50D480F
:10390000006840F400700B4908600846006840F405
:10391000806008600846006840F4807008600320FA
:1039200000F0E0F80F2000F007F800F05FF800204A
:1039300010BD0000003C02402DE9F04188B0044673
:103940000027B84600BF002001902448006840F0DE
:103950000100224908600846006800F0010001905B
:1039600000BF00BF02A903A801F034F9069F1FB9E8
:1039700001F058F9054602E001F054F945001848F5
:10398000B5FBF0F0A0F101084FF080401549086048
:1039900040F2E7311348C160C0F8048000210161A2
:1039A0008160816101F0D0FE064696B90D4801F0B4
:1039B00019FF06466EB91C2000F042F8102C07D201
:1039C000002221461C2000F04FF80748046000E068
:1039D0000126304608B0BDE8F081000040380240C2
:1039E00040420F00E0290020A000002008B500BFE1
:1039F000002000901148006840F480400F490860A2
:103A00000846006800F48040009000BF00BF00BF7F
:103A100000200090081F006840F08050091F0860D7
:103A20000846006800F08050009000BF00BF0022F0
:103A30000F21901E00F018F808BD00004438024025
:103A40000146084600280DDB00BF00BF00F01F0341
:103A500001229A4043099B0003F1E023C3F80021AF
:103A600000BF00BF00BF70472DE9F05F80460D46E4
:103A7000164600270AF0FCF8074639462A46334620
:103A800001F00700C0F1070ABAF1040F02D94FF0A4
:103A9000040A01E0C0F1070AD14600F1040ABAF1B4
:103AA000070F02D24FF0000A01E0A0F1030AD4464A
:103AB0004FF0010A0AFA09FAAAF1010A0AEA020A0F
:103AC0000AFA0CFA4FF0010B0BFA0CFBABF1010BED
:103AD0000BEA030B4AEA0B04214640460AF0D0F8F1
:103AE000BDE8F09F00BF00F00702064B19684FF6D3
:103AF000FF031940044B0B4343EA0221014B1960B9
:103B000000BF70470CED00E00000FA057047024668
:103B10001068416200207047F0B5034615461868EA
:103B2000446A21B944EA05401E68B06219E0186889
:103B3000806A04EB1044002208E0186800F58270E7
:103B400050F8220004EB1044501CC2B2481E9042B0
:103B5000F3D844EA0547186800F582704E1E40F815
:103B600026700020F0BD10B50446D4F8E00408F03B
:103B700044FA10BD70B504460D4605EBC50304F1CB
:103B8000140101EB8301CA682946D4F8E00408F067
:103B90005BF970BD70B504460D4605EBC50304F531
:103BA000157101EB8301CA682946D4F8E00408F0D6
:103BB000BCF970BD10B50446D4F8E00408F01FFA53
:103BC00010BD2DE9F04104460D4605F08000802827
:103BD00008D105F00F0000EBC00104F1140000EB68
:103BE000810607E005F00F0000EBC00104F5157039
:103BF00000EB81063146206809F096FB07463846FF
:103C0000BDE8F08170B504460E4606F080008028BD
:103C10000AD106F00F0000EBC00104F1140000EB24
:103C200081050120687009E006F00F0000EBC0017B
:103C300004F5157000EB81050020687006F00F0098
:103C4000287000BF94F89404012801D1022070BDAF
:103C5000012084F8940400BF2946206808F0F2FE91
:103C600000BF002084F8940400BF00BFEFE770B5E8
:103C700004460E4606F00F002179884201D9012042
:103C800070BD06F0800080280AD106F00F0000EB1E
:103C9000C00104F1140000EB81050120687009E007
:103CA00006F00F0000EBC00104F5157000EB810574
:103CB000002068700020A87006F00F00287000BF78
:103CC00094F89404012801D10220D9E7012084F856
:103CD000940400BF2946206809F0B2F800BF002014
:103CE00084F8940400BF00BFCAE7024601F00F0049
:103CF00000EBC00302F5157000EB830040697047CC
:103D00002DE9F04705460E4690461F464FF0000944
:103D100006F0800080280AD106F00F0000EBC001F9
:103D200005F1140000EB81040120607009E006F049
:103D30000F0000EBC00105F5157000EB81040020B9
:103D4000607006F00F002070C8F30A00A0602771B1
:103D5000607808B120786083022F01D10020607163
:103D600000BF95F89404012802D10220BDE8F08735
:103D7000012085F8940400BF2146286808F06EFDF4
:103D800000BF002085F8940400BF4846EEE72DE907
:103D9000F04105460E461746984606F00F0000EB28
:103DA000C00105F5157000EB8104E760C4F81080D0
:103DB00000206061607006F00F002070A879012873
:103DC00000D1E761AA792146286809F0CDF80020E2
:103DD000BDE8F08170B504460D4605F00F0021796D
:103DE000884201D9012070BD05F0800080280AD1E9
:103DF00005F00F0000EBC00104F1140000EB810698
:103E00000120707007E005EBC50104F5157000EBAB
:103E10008106002070700120B07005F00F00307036
:103E200000BF94F89404012801D10220DBE70120AF
:103E300084F8940400BF3146206809F048F805F082
:103E40000F0028B9A17904F29C42206808F0C0FF55
:103E500000BF002084F8940400BF00BFC3E72DE931
:103E6000F04105460E461746984606F00F0000EB57
:103E7000C00105F1140000EB8104E760C4F8108074
:103E8000002060610120607006F00F002070A879AA
:103E9000012800D1E761AA792146286809F064F871
:103EA0000020BDE8F0812DE9FE4F0446D4F800B0B3
:103EB0005E46206809F01AFB002874D1206809F0DA
:103EC00054FB08B9BDE8FE8F40F608008059C0F3E6
:103ED0000D20C4F8D404206809F047FB00F002006C
:103EE000022805D12068406900F00200216848617D
:103EF000206809F03AFB00F01000102845D1206836
:103F0000806920F0100021688861DBF8209009F0BA
:103F10000F0000EBC00104F5157000EB810AC9F336
:103F2000434002281AD147F6F07009EA000030B386
:103F3000C9F30A125846DAF80C1009F01BFBC9F352
:103F40000A11DAF80C000844CAF80C00C9F30A1187
:103F5000DAF814000844CAF8140010E0C9F343402A
:103F600006280CD1082204F29C41584609F002FBB5
:103F7000C9F30A11DAF814000844CAF814002068DA
:103F8000806940F0100021688861206809F0EDFA2E
:103F900000F40020B0F5002F7BD10025206809F047
:103FA000B4FA029072E0E1E2029800F00100002809
:103FB00068D0E9B2206809F0CBFA804608F0010029
:103FC00048B1012106F5306000EB451081602946BB
:103FD000204605F0A7FB08F00800082809D10821B1
:103FE00006F5306000EB451081602946204605F05B
:103FF00067FB08F01000102805D1102106F530608D
:1040000000EB4510816008F00200022824D1DBF8A3
:10401000140000F08000802807D140F60400805989
:1040200040F4806140F60400815105EBC50104F5C0
:10403000157000EB810A9AF80300012806D10020D0
:104040008AF80300E9B2204600F09BFA022106F547
:10405000306000EB4510816008F02000202805D179
:10406000202106F5306000EB4510816008F4005017
:10407000B0F5005F06D14FF4005106F5306000EB5B
:10408000451081606D1C029840080290029800283B
:104090008AD1206809F069FA00F48020B0F5802FF9
:1040A0007DD1206809F027FA029000259AE0029855
:1040B00000F00100002873D0E9B2206809F02FFA5F
:1040C000804608F00100F0B305F00F0101208840A0
:1040D000019040F634008159019821EA000040F631
:1040E00034018851012106F5106000EB4510816014
:1040F000A079012824D105EBC50104F1140000EBDF
:10410000810005EBC502C16804F1140000EB8200D8
:104110008068014405EBC50204F1140000EB820045
:10412000C1606DB905EBC50104F1140000EB81001D
:10413000006928B904F29C420121206808F048FE79
:10414000E9B2204600E001E0FFF714FD08F00800A6
:10415000082805D1082106F5106000EB45108160A4
:1041600008F01000102805D1102106F5106000EBB2
:104170004510816008F04000402805D1402106F537
:10418000106000EB4510816008F0020002281DD18C
:104190002946584609F06DF905EBC50101E025E017
:1041A0001CE004F1140000EB810A9AF803000128D6
:1041B00006D100208AF80300E9B2204600F0D8F9C1
:1041C000022106F5106000EB4510816008F08000C8
:1041D000802803D12946204605F046FB6D1C029835
:1041E00040080290029800287FF461AF206809F02F
:1041F000BCF900F00040B0F1004F1CD140F60400C3
:10420000805920F0010140F60400815194F8CC045B
:10421000012807D1002084F8CC0400212046FFF7B4
:1042200075FC02E0204600F0D1FA2068406900F0F9
:10423000004021684861206809F097F900F40060A7
:10424000B0F5006F0ED140F60800805900F0010073
:1042500010B1204600F012FB2068406900F40060B5
:1042600021684861206809F080F900F48050B0F5B9
:10427000805F7ED140F60400805920F0010140F6B5
:10428000040081511021206809F0F3F8002732E082
:104290004FF67F3106F5106000EB4710816006F5A0
:1042A000106000EB4710006820F4001106F5106064
:1042B00000EB471001604FF67F3106F5306000EBF0
:1042C0004710816006F5306000EB4710006820F46D
:1042D000001106F5306000EB4710016006F5306014
:1042E00000EB4710006840F0006106F5306000EB1D
:1042F000471001607F1C2079B842C9D840F61C00E5
:10430000805940F0011140F61C008151E07B70B1F2
:10431000D6F8840840F00B01C6F8841840F6440033
:10432000805940F00B0140F6440081510FE040F607
:104330001400805942F22B01084340F614018851C1
:10434000081F805940F00B014FF401608151D6F8ED
:10435000000820F4FE60C6F80008A17904F29C422F
:10436000206808F035FD2068406900F4805021681D
:1043700000E000E04861206809F0F7F800F4005020
:10438000B0F5005F17D1206808F0D0FA206809F076
:104390009AF8E07100F040FC0090E2792068009902
:1043A00009F06AF9204600F0F9F92068406900F444
:1043B000005021684861206809F0D7F800F0080033
:1043C000082808D1204600F008FA2068406900F06B
:1043D000080021684861206809F0C7F800F08000F3
:1043E000802818D1DBF8180020F08000CBF81800E6
:1043F00001250DE005EBC50104F5157000EB81000A
:10440000C078012803D1E9B22046FFF7DAFB6D1C22
:104410002079A842EED8206809F0A7F800F48010AF
:10442000B0F5801F2DD1012522E006F5106000EBCC
:104430004510D0F8009005EBC50104F1140000EB25
:1044400081000079012812D109F00040B0F1004F3D
:104450000DD1012105EBC50204F1140000EB82002F
:10446000C170E8B240F080012046FFF7AAFB6D1C46
:104470002079A842D9D82068406900F480102168CA
:104480004861206809F071F800F40010B0F5001FD1
:1044900044D1012538E006F5306000EB4510D0F836
:1044A000009005EBC50104F5157000EB8100007963
:1044B000012828D109F00040B0F1004F23D194F831
:1044C000D40400F00100C9F3004188421BD101214E
:1044D00005EBC50204F5157000EB8200C170DBF836
:1044E000180040F08000CBF81800DBF8140000F052
:1044F000800040B940F60400805940F4007140F655
:104500000400815103E06D1C2079A842C3D800BF8C
:104510002068406900F4001021684861206809F0B3
:1045200024F800F08040B0F1804F08D12046FFF71A
:104530001AFB2068406900F08040216848612068CB
:1045400009F013F800F0040004280FD12068D0F817
:10455000049009F00400042802D12046FFF72AFB4A
:104560002068406840EA09002168486000BFA9E46B
:1045700070B504460D462946D4F8E00407F0A8FDBE
:1045800070BD70B504460D462946D4F8E00407F026
:10459000B4FD70BDF8B504460CB90120F8BD26681D
:1045A00094F8950428B9002084F89404204600F07B
:1045B000A1F8032084F89504B6F1A04F01D10021A1
:1045C000A171206808F0FCFB207C8DF8000094E8C5
:1045D0000F0008F0BFF920B1022084F895040120F3
:1045E000DCE70021206808F0F5FF20B1022084F804
:1045F00095040120D2E7002531E0012105EBC50239
:1046000004F1140000EB8200417005EBC50104F1D8
:10461000140000F8215005EBC50100EB8100458333
:10462000002105EBC50204F1140000EB82000171CA
:1046300005EBC50204F1140000EB8200816005EB7C
:10464000C50204F1140000EB8200C16005EBC50255
:1046500004F1140000EB82000161681CC5B22079EE
:10466000A842CADC00252AE0002105EBC50204F5BA
:10467000157000EB8200417005EBC50104F5157063
:1046800000F82150002105EBC50200EB820001710A
:1046900005EBC50204F5157000EB8200816005EBA7
:1046A000C50204F5157000EB8200C16005EBC50280
:1046B00004F5157000EB82000161681CC5B2207919
:1046C000A842D1DC207C8DF8000094E80F0008F0AF
:1046D00083FA20B1022084F8950401205EE70020CF
:1046E0006074012084F89504206808F063FA0020C3
:1046F00054E7000010B586B00446142101A8FCF769
:104700008BFC2068B0F1A04F42D100BF0020009088
:104710002048006840F001001E4908600846006813
:1047200000F00100009000BF00BF4FF4C0500190A6
:104730000220029000200390032004900A2005909C
:1047400001A91548FEF7C8FF00BF1248001D006808
:1047500040F080000F49091D086000BF0020009054
:104760000C481430006840F480400A491431086055
:104770000846006800F48040009000BF00BF00BF02
:10478000002205214320FFF76FF94320FFF758F976
:1047900006B010BD303802400000024070B504463B
:1047A0000125E07908B9002506E0E079022801D169
:1047B000012501E0FDF707FF2946D4F8E00407F0E2
:1047C00029FDD4F8E00407F0DDFC70BD10B5044607
:1047D000D4F8E00407F007FD10BD10B50446D4F886
:1047E000E00407F00AFD10BD70B504460D4600BF99
:1047F00094F89404012801D1022070BD012084F8AE
:10480000940400BF65742946206808F017FF00BFB4
:10481000002084F8940400BF00BFEEE710B5044602
:1048200004F29C41D4F8E00407F00AFD10BD70B515
:104830000446256800BF94F89404012801D10220A1
:1048400070BD012084F8940400BFE86800F04000C7
:1048500030B1607B012803D1A86B40F48030A8639D
:10486000206808F0D7FD206808F092F900BF00200A
:1048700084F8940400BF00BFE2E7000010B50446CE
:10488000D4F8E00407F030FD2068D0F8000E40F0C6
:1048900001002168C1F8000EE07A28B103480068E1
:1048A00040F006000149086010BD000010ED00E076
:1048B000F8B5044600250026207800F0010020B954
:1048C000207800F0040004282FD100205B4988667E
:1048D000FFF702F8054606E0FEF7FEFF401B022840
:1048E00001D90320F8BD56480068C0F3C060002815
:1048F000F2D160688101207A41EA00705049843128
:10490000086001204D498866FEF7E6FF054606E08F
:10491000FEF7E2FF401B022801D90320E2E74848E6
:104920000068C0F3C0600028F2D0207800F00200D8
:1049300002287DD100BF002000904148403000682F
:1049400040F080503E49403108600846006800F061
:104950008050009000BF00BF3A48006840F480706B
:1049600038490860FEF7B8FF054606E0FEF7B4FFD9
:10497000401B022801D90320B4E73248006800F444
:1049800080700028F2D02E487030006800F4407625
:104990004EB3A08900F44070B04224D02848703053
:1049A000006820F440760120274908600020086054
:1049B000234870300660006800F0010098B1FEF7EF
:1049C0008BFF054608E0FEF787FF401B41F2883168
:1049D000884201D9032085E7194870300068C0F388
:1049E00040000028EFD000BFA08900F44070B0F56F
:1049F000407F0CD112480830006820F4F810134AA8
:104A0000E168114008430E490831086007E00C488E
:104A10000830006820F4F810094908310860084897
:104A200070300068A189C1F30B010843044900E01C
:104A300002E07031086000BF002053E700004742E9
:104A40000038024000700040400E4742FFFCFF0F5C
:104A500070B504460D460CB9012070BD5848006879
:104A600000F00700A84209D255490D7008460068B9
:104A700000F00700A84201D00120EEE7207800F006
:104A8000020002281DD1207800F00400042805D17E
:104A90004C48006840F4E0504A490860207800F033
:104AA0000800082805D14748006840F4604045499F
:104AB00008604448006820F0F000A16808434149BC
:104AC0000860207800F00100A8B36068012807D1D1
:104AD0003C4808380068C0F34040B8B90120BCE742
:104AE0006068022802D06068032807D1354808387A
:104AF0000068C0F3406048B90120AEE7314808388B
:104B00000068C0F3400008B90120A6E72D480068FE
:104B100020F00300616808432A490860FEF7DCFEC4
:104B2000064609E0FEF7D8FE801B41F28831884234
:104B300002D9032091E707E02248006800F00C004A
:104B40006168B0EB810FEDD11D48006800F00700EF
:104B5000A84209D91A490D700846006800F00700FC
:104B6000A84201D0012078E7207800F00400042852
:104B700007D11448006820F4E050E1680843114967
:104B80000860207800F00800082808D10D48006867
:104B900020F46040216940EAC1000A49086000F041
:104BA00061F808490968C1F30311074A515CC8401C
:104BB0000649086006480068FEF7BEFE00204CE784
:104BC000003C0240083802404C600108A800002068
:104BD000A00000200F2202600D4A126802F00302BA
:104BE00042600B4A126802F0F0028260084A1268C2
:104BF00002F4E052C260064A126802F46042D2082F
:104C00000261044A126802F007020A60704700005D
:104C100008380240003C024001480068704700002C
:104C2000A800002000B5FFF7F7FF04490968C1F3A9
:104C30008221034A515CC84000BD00000838024090
:104C40005C60010800B5FFF7E7FF04490968C1F39C
:104C50004231034A515CC84000BD000008380240A0
:104C60005C6001082DE9F047002400250026A146DC
:104C70002548006800F00C0020B1042805D0082861
:104C80003AD105E0DFF8849039E0DFF8849036E02F
:104C90001D48001F006800F03F041B48001F00680B
:104CA00000F4800078B11A481749091F0968C1F358
:104CB0008811A0FB01700146224600233846FCF70C
:104CC000D8F805460EE011480F49091F0968C1F3DD
:104CD0008811A0FB01700146224600233846FCF7EC
:104CE000C8F805460848001F0068C0F30140401C92
:104CF0004600B5FBF6F902E0DFF8109000BF00BFF8
:104D00004846BDE8F0870000083802400024F4005F
:104D1000001BB700F8B504460CB90120F8BD207897
:104D200000F00100002874D0F948006800F00C0081
:104D300004280DD0F648006800F00C00082813D1B4
:104D4000F348001F006800F48000B0F5800F0BD11D
:104D5000EF4808380068C0F34040002859D0606828
:104D6000002856D10120D9E700BF6068B0F5803F28
:104D700008D1E7480838006840F48030E449083931
:104D800008601EE06068B0F5A02F0DD1E04808383B
:104D9000006840F48020DE49083908600846006851
:104DA00040F4803008600CE0D9480838006820F4EE
:104DB0008030D749083908600846006820F4802010
:104DC000086000BF606890B1FEF786FD054606E00A
:104DD000FEF782FD401B642801D903209EE7CC48E2
:104DE00008380068C0F340400028F1D011E0FEF719
:104DF00073FD054606E0FEF76FFD401B642801D9F0
:104E000003208BE7C24808380068C0F34040002800
:104E1000F1D1207800F0020002285FD1BC48006880
:104E200000F00C0058B1BA48006800F00C000828E7
:104E30001CD1B748001F006800F48000B0B9B44826
:104E400008380068C0F3400020B1E068012801D0B4
:104E5000012063E7AE480838006820F0F8002169B7
:104E600040EAC100AA490839086037E0E06800B3A9
:104E70000120A8490860FEF72FFD054606E0FEF771
:104E80002BFD401B022801D9032047E7A048083822
:104E90000068C0F340000028F1D09D480838006841
:104EA00020F0F800216940EAC100994908390860FA
:104EB00014E0002097490860FEF70EFD054606E065
:104EC000FEF70AFD401B022801D9032026E790487F
:104ED00008380068C0F340000028F1D1207800F0C5
:104EE000080008282CD16069A8B101208A4908600F
:104EF000FEF7F2FC054606E0FEF7EEFC401B02283A
:104F000001D903200AE782486C300068C0F34000F2
:104F10000028F1D014E000207F490860FEF7DCFC97
:104F2000054606E0FEF7D8FC401B022801D9032005
:104F3000F4E677486C300068C0F340000028F1D1F7
:104F4000207800F00400042870D100277048383021
:104F5000006800F0805090B900BF002000906C48BD
:104F60003830006840F080506949383108600846A0
:104F7000006800F08050009000BF00BF0127674824
:104F8000006800F48070B0B96448006840F4807034
:104F900062490860FEF7A0FC054606E0FEF79CFCAF
:104FA000401B022801D90320B8E65C48006800F4E1
:104FB00080700028F2D000BFA068012808D15448B2
:104FC0006830006840F001005149683108601DE018
:104FD000A06805280DD14E486830006840F00400F4
:104FE0004B49683108600846006840F001000860DD
:104FF0000CE047486830006820F0010044496831FF
:1050000008600846006820F00400086000BFA0683F
:10501000A8B1FEF761FC054609E0FEF75DFC401B08
:1050200041F28831884202D9032077E626E03848E9
:1050300068300068C0F340000028EED013E0FEF7AF
:105040004BFC054608E0FEF747FC401B41F2883167
:10505000884201D9032061E62D4868300068C0F31A
:1050600040000028EFD1012F07D1294838300068CF
:1050700020F0805026493831086000BFA069002820
:1050800045D02348006800F00C0008285DD0A069D6
:10509000022845D100201F490866FEF71DFC054681
:1050A00006E0FEF719FC401B022801D9032035E673
:1050B000174808380068C0F340600028F1D1D4E9EF
:1050C00007010843616A40EA81110122A06AC2EB2C
:1050D000500041EA00412C20005D41EA00600C498B
:1050E000091F086001200B490866FEF7F5FB05461D
:1050F00006E0FEF7F1FB401B022801D903200DE674
:10510000034808380068C0F340600028F1D049E047
:105110000838024000004742800E474200700040BD
:10512000002021490866FEF7D7FB054606E0FEF79A
:10513000D3FB401B022801D90320EFE51B48006880
:10514000C0F340600028F2D12CE0A069012800D112
:10515000E4E51648001D0668A069012820D006F481
:105160008001E06981421BD106F03F01206A814243
:1051700016D147F6C0703040616AB0EB811F0FD185
:1051800006F440310122A06AC2EB5000B1EB004F9F
:1051900006D106F070612C20005DB1EB006F01D0EC
:1051A0000120BBE50020B9E500004742003802407D
:1051B00070B504460CB9012070BD607F20B9002095
:1051C0002077204600F04EF8022060772068C06803
:1051D000C0F3001000283CD100BFCA2021684862FB
:1051E00053202168486200BF204604F02DFF054689
:1051F000EDB9206880681A490840216888602169F3
:105200006068084361690843216889680843216828
:1052100088602168E068086120680169208941EAA6
:10522000004021680861204604F033FF05465DB95F
:105230002068006C20F48020216808642068006CDD
:10524000A16908432168086400BFFF202168486203
:1052500000E000250DB9012060772846ACE700008A
:10526000BFFF8FFF1FB50446002000900190029001
:1052700003900949206888420CD102200090074819
:1052800003906846FFF714FB08B1FDF79CF9012075
:10529000034908601FBD00000028004000031E00F5
:1052A0003C0E474270B5044600250B482168C86093
:1052B000FEF712FB054607E0FEF70EFB401BB0F5BC
:1052C0007A7F01D9032070BD2068C06800F02000FB
:1052D0000028F1D00020F6E75F7F010010B50446FA
:1052E0000CB9012010BD606A38B96068B0F5827FE2
:1052F00000D105E00021E16102E00021216161614E
:105300000021A16294F8510028B9002084F85000CF
:10531000204600F047F8022084F851002068006819
:1053200020F0400021680860A08800F48270218984
:1053300001F404410843A18901F400610843217C80
:1053400001F002010843217D01F001010843218B96
:1053500001F400710843217F01F038010843202146
:10536000095D01F080010843218D01F400510843DB
:10537000216808600421A06901EA104094F8241013
:1053800001F010010843216848602068C06920F4DA
:1053900000602168C86100206065012084F8510028
:1053A00000209FE710B586B00446142101A8FBF742
:1053B00033FE4B49206888427ED100BF0020009018
:1053C0004848006840F48050464908600846006834
:1053D00000F48050009000BF00BF00BF002000908C
:1053E00040481438006840F002003E491439086013
:1053F0000846006800F00200009000BF00BF00BF38
:10540000002000900846006840F00100086008464F
:10541000006800F00100009000BF00BF182001905C
:1054200002200290012003900320049005200590A3
:1054300001A92D48FEF750F980200190022002902A
:1054400001200390032004900520059001A927481E
:10545000FEF742F92648274908604FF0C0604860CF
:10546000002124488160C1604FF480610161002106
:1054700041618161C1614FF44031016200214162AB
:10548000FEF746F808B1FDF79EF800BF1948E06442
:10549000846300BF16484830174908604FF0C06069
:1054A00048604021144881600021C1604FF4806150
:1054B00001610021416100E010E08161C1614FF4B0
:1054C0000031016200214162FEF722F808B1FDF7C8
:1054D0007AF800BF0848A064846300BF06B010BD1E
:1054E0000030014044380240000402400000024005
:1054F00010640240400A0020A00A00202DE9FE4F5F
:1055000004460F4690461D460C9E01200190FEF772
:10551000E3F9814694F851B060680290AA46BBF165
:10552000010F0BD00298B0F5827F04D1A06810B9AA
:10553000BBF1040F02D00220BDE8FE8F1FB1B8F10D
:10554000000F00D00DB90120F6E700BF94F850001D
:10555000012801D10220EFE7012084F8500000BFAC
:1055600094F85100042802D0052084F8510000204E
:105570006065C4F83880E587A5872763E586A5863A
:10558000206460642068006800F04000402805D076
:105590002068006840F0400021680860E068B0F5CD
:1055A000006F52D1606810B1BAF1010F09D1206BC0
:1055B00000882168C860206B801C2063E08E401E3C
:1055C000E0863BE02068806800F00200022810D1ED
:1055D000E08E70B1019801280BD1206B0088216802
:1055E000C860206B801C2063E08E401EE086002097
:1055F00001902068806800F0010068B1E08F58B128
:105600002068C068A16B0880A06B801CA063E08F3D
:10561000401EE08701200190FEF75EF9A0EB090033
:10562000B0420BD3701C48B1012084F8510000BF78
:10563000002084F8500000BF03207DE7E08E0028A2
:10564000C0D1E08F0028BDD152E0606810B1BAF13E
:10565000010F09D1206B007821680873206B401C72
:105660002063E08E401EE0863CE02068806800F009
:105670000200022810D1E08E70B1019801280BD1F0
:10568000206B007821680873206B401C2063E08E3B
:10569000401EE086002001902068806800F0010034
:1056A00068B1E08F58B12068C068A16B0870A06B2A
:1056B000401CA063E08F401EE08701200190FEF7B0
:1056C0000BF9A0EB0900B04201D3701C00B94EB930
:1056D000012084F8510000BF002084F8500000BF72
:1056E000032029E7E08E0028BFD1E08F0028BCD13D
:1056F0004A463146204604F005FD40B12020606551
:1057000000BF002084F8500000BF012014E7A0680B
:1057100050B900BF002000902068C0680090206849
:105720008068009000BF00BF012084F8510000BFD6
:10573000002084F8500000BF606D08B10120FBE636
:105740000020F9E67047704710B504460CB90120F7
:1057500010BD94F83D0028B9002084F83C00204694
:1057600000F026F8022084F83D00211D206804F096
:1057700075FE012084F8460000BF84F83E00012138
:105780003F200155402001554120015500BF00BF79
:10579000012084F842004320015544200155452052
:1057A000015500BF012084F83D000020D0E7000033
:1057B00008B50A4A016891420FD100BF002100914B
:1057C0000749096841F40031054A1160114609682A
:1057D00001F40031009100BF00BF08BD004401404A
:1057E00044380240014691F83D00012801D00120D3
:1057F0007047022081F83D000868C06840F0010051
:105800000B68D8601A4B086898421BD00868B0F142
:10581000804F17D0174B0868984213D0164B086872
:1058200098420FD0154B086898420BD0144B08686B
:10583000984207D0134B0868984203D0124B08686F
:1058400098420CD10868806800F00702062A0CD044
:105850000868006840F001000B68186005E00868FF
:10586000006840F001000B6818600020C0E70000ED
:10587000000001400004004000080040000C00400F
:10588000000401400040014000180040704770B51E
:1058900004462068C5682068066906F002000228F0
:1058A00019D105F00200022815D1401F21680861B6
:1058B000012020772068806900F0030018B120469D
:1058C000FFF7E4FF05E0204600F0CAF8204600F0AC
:1058D0007EF90020207706F00400042819D105F095
:1058E0000400042815D1C0432168086102202077F4
:1058F0002068806900F4407018B12046FFF7C6FFA9
:1059000005E0204600F0ACF8204600F060F90020E9
:10591000207706F00800082819D105F008000828AB
:1059200015D1C04321680861042020772068C06930
:1059300000F0030018B12046FFF7A8FF05E020465D
:1059400000F08EF8204600F042F90020207706F0A3
:105950001000102819D105F01000102815D1C043EF
:1059600021680861082020772068C06900F4407031
:1059700018B12046FFF78AFF05E0204600F070F8D6
:10598000204600F024F90020207706F0010048B1FD
:1059900005F0010030B16FF0010021680861204678
:1059A00000F09CF906F08000802809D105F0800005
:1059B000802805D1C043216808612046FFF7C2FE58
:1059C00006F04000402809D105F04000402805D1EC
:1059D000C04321680861204600F089F906F02000E4
:1059E000202809D105F02000202805D1C0432168D6
:1059F00008612046FFF7A7FE70BD000010B586B015
:105A00000446142101A8FBF707FB124920688842CD
:105A10001DD100BF002000900F48006840F020001A
:105A20000D4908600846006800F02000009000BFA3
:105A300000BF40200190022002900120039002202C
:105A400004900320059001A90448FDF745FE06B027
:105A500010BD0000004401403038024000140240F4
:105A600070472DE9F04104460D461646002700BF59
:105A700094F83C00012802D10220BDE8F081012009
:105A800084F83C0000BF36B1042E1BD0082E31D064
:105A90000C2E5ED145E02946206804F061FD2068A7
:105AA000806940F00800216888612068806920F0E2
:105AB0000400216888612068806929690843216899
:105AC000886148E02946206804F082FD20688069EA
:105AD00040F40060216888612068806920F480605B
:105AE0002168886120688069296940EA012021686D
:105AF000886130E02946206804F0A8FD2068C0696C
:105B000040F008002168C8612068C06920F00400E6
:105B10002168C8612068C069296908432168C86193
:105B200019E02946206804F0CDFD2068C06940F4E2
:105B300000602168C8612068C06920F48060216825
:105B4000C8612068C069296940EA01202168C861EC
:105B500001E0012700BF00BF00BF002084F83C0027
:105B600000BF384689E710B504460CB9012010BDC6
:105B700094F83D0028B9002084F83C00204600F04D
:105B800025F8022084F83D00211D206804F066FC01
:105B9000012084F8460000BF84F83E0001213F2028
:105BA0000155402001554120015500BF00BF012093
:105BB00084F84200432001554420015545200155F9
:105BC00000BF012084F83D000020D0E770477047F7
:105BD00070B504460D4615B994F83E000BE0042D4F
:105BE00002D13F20005D06E0082D02D14020005D7B
:105BF00001E04120005D012801D0012070BD1DB9E8
:105C0000022084F83E000EE0042D03D102213F2043
:105C1000015508E0082D03D102214020015502E082
:105C200002214120015501222946206804F086FC0A
:105C300023492068884203D022492068884201D144
:105C4000012000E0002028B12068406C40F40040B2
:105C5000216848641A49206888421BD02068B0F146
:105C6000804F17D018492068884213D01749206800
:105C700088420FD01649206888420BD0114920680D
:105C8000884207D013492068884203D0124920680F
:105C900088420CD12068806800F00706062E0CD0E0
:105CA0002068006840F001002168086005E0206875
:105CB000006840F001002168086000209EE70000B5
:105CC00000000140000401400004004000080040C2
:105CD000000C0040004001400018004010B5044690
:105CE0002068B0F1804F01D1FDF7FCFD10BD704779
:105CF000704710B5044600BF00BF21680C3151E861
:105D0000001F21F4907021680C3141E80002002A44
:105D1000F3D100BF00BF00BF2168143151E8001F5C
:105D200021F001002168143141E80002002AF3D17A
:105D300000BF206B01280ED100BF00BF21680C31CD
:105D400051E8001F21F0100021680C3141E80002E9
:105D5000002AF3D100BF2068406900F040004028CD
:105D600020D100BF00BF2168143151E8001F21F08D
:105D700040002168143141E80002002AF3D100BF3D
:105D8000E06B78B10020E16B0865E06BFDF733FA5A
:105D900040B1E06BFDF799FA202803D11020606430
:105DA000032010BD0020E085202084F84200002060
:105DB000206300BFF5E770472DE9F84F04462068DF
:105DC00005682068C668206847694FF00009CA4620
:105DD00005F00F09B9F1000F0AD105F0200038B124
:105DE00006F0200020B1204604F0FDFDBDE8F88F4C
:105DF000B9F1000F7CD007F0010018B906F49070DB
:105E0000002875D005F0010030B106F4807018B19B
:105E1000606C40F00100606405F0040030B107F0F0
:105E2000010018B1606C40F00200606405F00200EF
:105E300030B107F0010018B1606C40F004006064FC
:105E400005F0080048B106F0200010B907F0010085
:105E500018B1606C40F008006064606C002846D0A7
:105E600005F0200028B106F0200010B1204604F013
:105E7000BAFD20684069C0F3801A606C00F0080029
:105E800010B9BAF1000F2DD0204604F053FD206860
:105E9000406900F04000402820D100BF00BF2168C9
:105EA000143151E8001F21F040002168143141E80D
:105EB0000002002AF3D100BFE06B50B17F48E16BD4
:105EC0000865E06BFDF7EDF988B1E06B016D88477F
:105ED0000DE02046FFF76FFF09E009E02046FFF7DD
:105EE0006AFF04E02046FFF766FF002060647DE75C
:105EF000206B012878D105F01000002874D006F03E
:105F000010000028FAD000BF002000902068006830
:105F1000009020684068009000BF00BF2068406982
:105F200000F04000402870D1E06B006840681FFA24
:105F300080F8B8F1000F58D0A08D404555DDA4F889
:105F40002E80E06BC069B0F5807F43D000BF00BFFA
:105F500021680C3151E8001F21F4807021680C3158
:105F600041E80002002AF3D100BF00BF00BF216852
:105F7000143151E8001F21F001002168143141E87B
:105F80000002002AF3D100BF00BF00BF2168143116
:105F900051E8001F21F040002168143141E800025F
:105FA000002AF3D100BF202084F8420000202063A3
:105FB00000BF00BF21680C3151E8001F21F0100024
:105FC00021680C3141E80002002AF3D100BFE06BE8
:105FD000FDF711F902206063A08DE28D801A81B275
:105FE0002046FFF785FE0EE052E0A08D40450AD125
:105FF000E06BC069B0F5807F05D102206063A18DA0
:106000002046FFF775FEF1E6FFE7A08DE18D401A0F
:106010001FFA80F8E08DD0B3B8F1000F37D000BF81
:1060200000BF21680C3151E8001F21F490702168F5
:106030000C3141E80002002AF3D100BF00BF00BFCD
:106040002168143151E8001F21F00100216814314A
:1060500041E80002002AF3D100BF202084F842006A
:106060000020206300BF00BF21680C3151E8001FF1
:1060700021F0100021680C3141E80002002AF3D120
:1060800000BF0220606341462046FFF731FEADE6C7
:1060900005F0800030B106F0800018B1204604F011
:1060A000A3FEA3E605F0400030B106F0400018B1B1
:1060B000204604F075FC99E600BF97E695A7000816
:1060C00010B504460CB9012010BDA06900B100E074
:1060D00000BF94F8410028B9002084F84000204611
:1060E00000F02AF8242084F841002068C06820F4D9
:1060F00000502168C860204604F0F4FC2068006964
:1061000020F49040216808612068406920F02A004E
:10611000216848612068C06840F400502168C86068
:1061200000206064202084F8410084F842000020B0
:10613000606300BFC8E7000010B586B004461421B4
:1061400001A8FAF769FFBF49206888427ED100BFE5
:1061500000200090BC48006840F01000BA49086078
:106160000846006800F01000009000BF00BF00BFAC
:1061700000200090B4481438006840F00200B24992
:10618000143908600846006800F00200009000BF63
:1061900000BF00BF002000900846006840F00100EA
:1061A00008600846006800F00100009000BF00BFD2
:1061B0008020019002200290002003900320049090
:1061C0000720059001A9A148FDF786FA4FF4007059
:1061D00001900220029000200390032004900720E9
:1061E000059001A99A48FDF777FA9A489A490860FC
:1061F0004FF000604860002197488160C1604FF413
:10620000806101610021416181614FF48071C16150
:106210004902016200214162FDF77AF908B1FCF7F9
:10622000D2F900BF8C48E063846300BF89487830AE
:106230008A4908604FF000604860402187488160CB
:106240000021C1604FF48061016100E01BE000218A
:1062500041618161C1614FF40031016200214162FD
:10626000FDF756F908B1FCF7AEF900BF7B48A06313
:10627000846300BF002205212520FDF7F5FB2520C2
:10628000FDF7DEFBDCE076492068884258D100BF8C
:10629000002000906C48001F006840F480206A498C
:1062A000091F08600846006800F48020009000BFC5
:1062B00000BF00BF0020009063481438006840F021
:1062C00004006149143908600846006800F00400C1
:1062D000009000BF00BF4FF4406001900220029088
:1062E00000200390032004900720059001A95D4839
:1062F000FDF7F2F95C485D4908604FF000604860C6
:1063000000215A488160C1604FF480610161002121
:1063100041618161C16101624162FDF7F9F808B133
:10632000FCF751F900BF5148E063846300BF0022CD
:1063300005212720FDF798FB2720FDF781FB7FE053
:106340004B49206888427BD100BF002000903E4826
:10635000006840F020003C4908600846006800F0F2
:106360002000009000BF00BF00BF00200090364812
:106370001438006840F0400033491439086008467A
:10638000006800F04000009000BF00BF4FF4844060
:106390000190022002900020039002200490082027
:1063A000059001A93348FDF797F92A481838324972
:1063B00008608005486000212F488160C1604FF46B
:1063C000806101610021416181614FF48071C1618F
:1063D0004902016200214162FDF79AF808B1FCF719
:1063E000F2F800BF2448E063846300BF19486030BE
:1063F000224908604FF02060486040211F488160BA
:106400000021C1604FF4806101610021416181611F
:10641000C1614FF40031016200214162FDF778F85B
:1064200008B1FCF7D0F800BF1448A063846300BF34
:10643000002205214720FDF717FB4720FDF700FB51
:1064400006B010BD00100140443802400004024074
:106450000000024040640240200C0020800C00201C
:10646000004800400008024028600240E00C002084
:106470000014014000180240400D0020A00D002033
:1064800070B504460D46164694F8420020280BD1FC
:1064900005B10EB9012070BD0020206332462946A7
:1064A000204604F035FCF6E70220F4E77047704719
:1064B000F7B50446154694F8410020283ED10198CE
:1064C00000B10DB90120FEBD01982062A584E584CC
:1064D00000206064212084F841001948A16BC86342
:1064E0001848A16B08641848A16BC8640020A16B10
:1064F000086501AE23681A1D31682B46A06BFDF7B5
:106500007DF830B110206064202084F84100012023
:10651000D9E76FF040002168086000BF00BF216824
:10652000143151E8001F41F080002168143141E826
:106530000002002AF3D100BF0020C4E70220C2E716
:10654000CFA8000827A90008A7A700087047704730
:1065500070B5044600202074A37B484D2D8803FBB2
:1065600005F26168D4F8F400FAF7FAFCA27B434B19
:106570001B8802FB03F16068FAF74EFDA27B3F4BDC
:106580001B885A43A37B02FB03F1D4F81801FAF7E6
:1065900043FD227B394B1B885A43A37B02FB03F14B
:1065A000D4F80C01FAF738FD002031E0D4F8F410EB
:1065B00001EB800191ED000AB5EEC00AF1EE10FA90
:1065C00024D0D4F8F41001EB800191ED000A227C74
:1065D000D4F8F41001EB820181ED000A227C616A9B
:1065E0008854A16901EB800191ED000A6169095CA1
:1065F000227B237C12FB0311491ED4F80C2102EBF1
:10660000810181ED000A217C491C2174411CC8B222
:10661000A17B8142CADC002011E0626A125CE16960
:1066200001EB820191ED000A227C00FB0202D4F80A
:10663000181101EB820181ED000A411CC8B2217CD6
:106640008142EADC207CA4F87800217B7A20015387
:10665000207BA4F88000217C82200153207CA4F8B8
:106660009000217C92200153207BA4F89800217C8B
:106670009A200153207CA4F8480070BD140100202A
:1066800000BFFEE710B58FB00278A52A7ED190F842
:106690003020AA2AFAD1594A1268521C574B1A6064
:1066A000002221E0531CC35C0EACA354D31DC35C79
:1066B0000DACA35402F10B03C35C0CACA35402F168
:1066C0000F03C35C0BACA35402F11B03C35C06AC09
:1066D000A35402F12103C35C04ACA35402F12503CB
:1066E000C35C03ACA354521C042ADBDB002228E069
:1066F00002F11303C35C0AACA35402F11503C35C9B
:1067000009ACA35402F11703C35C08ACA35402F113
:106710001903C35C07ACA35402F11F03C35C05ACAF
:10672000A35402F12903C35C02ACA35402F12B036E
:10673000C35C01ACA35402F12D03C35C0DF802301D
:10674000521C022AD4DB9DED0E0A81ED010A42792A
:106750000A7282794A729DED0D0A81ED030A9DED60
:106760000C0A81ED040A9DED0B0A81ED050ABDF8C6
:1067700020208A83BDF828200A83BDF824204A837C
:10678000BDF81C20CA839DED060A00E018E081EDEB
:10679000080ABDF814208A849DED040A81ED0A0AD6
:1067A000039ACA62BDF808200A86BDF804204A860A
:1067B000BDF800208A8690F82F2081F8362000BF8F
:1067C0000F4BCA6A1B689A4205D10E4A1288521CA6
:1067D0000C4B1A8002E000220A4B1A80094A1288E8
:1067E000642A03DB0122084B1A7002E00022064BE8
:1067F0001A70034BCA6A1A600FB010BD80050020E2
:10680000840500208805002078050020054840798F
:10681000012804D10448008B08B9012070470020EA
:10682000FCE7000068AF0020BCA7002010B52DEDEC
:10683000048B2748D0ED1E0A2648D0F80B0000EE46
:10684000100A30EEC00A10EE101A08460FF0DEF8FB
:1068500041EC190BB0EE490AF0EE690A07F09CFC16
:10686000B0EE408AF0EE608A9FED1B0B53EC102BCC
:1068700051EC180B0EF090FA27D21548D0ED1D0AF6
:106880001448D0F8070000EE100A30EE800A10EE2F
:10689000101A08460FF0BAF841EC190BB0EE490A8D
:1068A000F0EE690A07F078FCB0EE408AF0EE608AFC
:1068B0009FED0B0B53EC102B51EC180B0EF06CFAF8
:1068C00003D20120BDEC048B10BD0020FAE70000CC
:1068D000F8A2002068AF0020000000606666E63F76
:1068E000000000000000E03F70B52DED088B86B081
:1068F00004460D46164694ED040ACA48D0ED000A37
:1069000030EE600AB0EEC00ADFEDC70AB4EEE00A6E
:10691000F1EE10FA22DC94ED050AC448D0ED000A2D
:1069200030EE600AB0EEC00ADFEDBF0AB4EEE00A56
:10693000F1EE10FA12DC94ED060ABD48D0ED000A23
:1069400030EE600AB0EEC00ADFEDB70AB4EEE00A3E
:10695000F1EE10FA02DC207800287DD094ED040AD4
:10696000DFEDB40A80EE201AB0EE41BAB0EE4B0A69
:10697000F9F7FEFCF0EE408A94ED050ADFEDAD0A72
:1069800080EE201AB0EE41BAB0EE4B0AF9F7F0FCF7
:10699000F0EE40AA94ED060ADFEDA60A80EE201A7A
:1069A000B0EE41BAB0EE4B0AF9F7E2FCB0EE409A15
:1069B00094ED040ADFED9F0A80EE201AB0EE41BA92
:1069C000B0EE4B0AF9F710FDB0EE40AA94ED050ABF
:1069D000DFED980A80EE201AB0EE41BAB0EE4B0A15
:1069E000F9F702FDF0EE409A94ED060ADFED910A08
:1069F00080EE201AB0EE41BAB0EE4B0AF9F7F4FC83
:106A0000B0EE408A68EE890A2AEE291AB0EE480AEA
:106A100041EE000A8848C0ED000A2AEE8A0A87483B
:106A200080ED000AB0EE480A28EE800A69EE0A0AF4
:106A300000EEE90A824880ED000A68EEA90AB0EE8D
:106A4000480A20EE800A09EE4A0A7E4880ED000AD4
:106A500028EEAA0A7C4800E021E080ED000AF1EE71
:106A60004A0AB0EE480A20EE800A68EE890A00EE73
:106A7000E90A764880ED000AF1EE6A0AB0EE480AAB
:106A800020EE800A724880ED000A7248C0ED009A3C
:106A90002AEE890A704880ED000A0020207000204C
:106AA00011E005EB800191ED000A211D01EB800151
:106AB000D1ED000A20EE200A03A901EB800181ED4F
:106AC000000A411CC8B20328EBDB9DED030A5A48BB
:106AD000D0ED000A20EE200ADDED040A574890EDC3
:106AE000001A01EE200ADDED050A554890ED001A66
:106AF00001EE200A85ED000A9DED030A5148D0ED14
:106B0000000A20EE200ADDED040A4F4890ED001A3D
:106B100001EE200ADDED050A4C4890ED001A01EE69
:106B2000200A85ED010A9DED030A4948D0ED000ACF
:106B300020EE200ADDED040A464890ED001A01EE31
:106B4000200ADDED050A444890ED001A01EE200A06
:106B500085ED020A00200AE006EB800191ED000AB3
:106B6000694601EB800181ED000A411CC8B203288F
:106B7000F2DB9DED000A3048D0ED000A20EE200A3D
:106B8000DDED010A2D4890ED001A01EE200ADDED41
:106B9000020A2B4890ED001A01EE200A86ED000A49
:106BA0009DED000A2748D0ED000A20EE200ADDED19
:106BB000010A254890ED001A01EE200ADDED020AD7
:106BC000224890ED001A01EE200A86ED010A9DEDA3
:106BD000000A1F48D0ED000A20EE200ADDED010A70
:106BE0001C4890ED001A01EE200ADDED020A1A4859
:106BF00090ED001A01EE200A86ED020A94ED040AD7
:106C0000084880ED000A94ED050A084880ED000A66
:106C100094ED060A064880ED000A06B0BDEC088B2C
:106C200070BD0000F00400206F12833AF4040020CD
:106C3000F8040020E12E6542FC040020000500203D
:106C400004050020080500200C0500201005002088
:106C500014050020180500201C05002010B504466E
:106C600054F8EC0F90ED000A834880ED000A20688C
:106C700090ED010A814880ED000A206890ED020A3B
:106C80007F4880ED000A54F8EC0990ED030A7D4836
:106C900080ED000A7848D0ED000A60EEA00A77483F
:106CA00090ED001AD0ED001A41EE210A744890EDE3
:106CB000001AD0ED001A41EE210A724890ED001A38
:106CC000D0ED001A41EE210AB0EE600A0AF07CFD18
:106CD0006D4880ED000A002012E0D4F8EC1001EBC2
:106CE000800191ED000A6849D1ED000A20EE200AEA
:106CF000D4F8EC1001EB800181ED000A411CC8B210
:106D00000428EADB614890ED6F0A5C48D0ED000A88
:106D100020EE200AF0EE000A80EE201AF834A06877
:106D200080ED041A594890ED6F0A5548D0ED000ADD
:106D300020EE200AF0EE000A80EE201AA06880ED16
:106D4000051A524890ED6F0A4B48D0ED000AF1EE5B
:106D5000600A20EE200AF0EE000A80EE201AA068F9
:106D600080ED0A1A494890ED6F0A4648D0ED000AB6
:106D700020EE200AF0EE000A80EE201AA06880EDD6
:106D80000B1A424890ED6F0A3E48D0ED000AF1EE32
:106D9000600A20EE200AF0EE000A80EE201AA068B9
:106DA00080ED101A394890ED6F0A3348D0ED000A93
:106DB000F1EE600A20EE200AF0EE000A80EE201AC2
:106DC000A06880ED111A314890ED6F0A2C48D0ED83
:106DD000000A20EE200AF0EE000A80EE201AA068D9
:106DE00080ED161A294890ED6F0A2448D0ED000A6C
:106DF000F1EE600A20EE200AF0EE000A80EE201A82
:106E0000A06880ED171A206890ED1C0A1F48D0ED8D
:106E1000740A80EE201A206880ED1C1A206890ED1C
:106E2000230A1A48D0ED740A80EE201A206880EDFB
:106E3000231A54F8F80990ED1C0ADFED150AB4EE98
:106E4000E00AF1EE10FA05DD9FED110AD4F8F80022
:106E500080ED1C0AD4F8F80090ED230ADFED0C0A4F
:106E6000B4EEE00AF1EE10FA05DD9FED090AD4F860
:106E7000F80080ED230A10BDD0010020D4010020CD
:106E8000D8010020DC010020E001002048A0002003
:106E900000401C4610B52DED068BF0EE408AB0EE9A
:106EA00060AAB0EE419AB0EE618AF0EE429A0120FB
:106EB0003A4908700846C0ED6C8A80ED6DAA80EDF5
:106EC0006E9A9FED370A80ED730A002081F8380131
:106ED0000A46C2F84001C2F844010021C2F8481134
:106EE000C2F84C11B7EE000AB4EEC08AF1EE10FA07
:106EF00003DDB7EE000AB0EE408A284880ED748AC0
:106F0000C0ED649A032300220621001D01F05AF906
:106F1000244B01221146A3F10800F9F733FBB7EE29
:106F2000000A1E48D0F8EC0080ED000A9FED1E0A12
:106F30001A48D0F8EC0080ED010A9FED1B0A1748B3
:106F4000D0F8EC0080ED020A9FED170A1348D0F844
:106F5000EC0080ED030A15491048C0F8D010144920
:106F6000C0F8D4101349C0F8D8101349C0F8DC1089
:106F7000012180F82E1080F82F1001469022D1F8C0
:106F800004010E49F9F7ECFF04499022D1F8FC0006
:106F90000B49F9F7E5FFBDEC068B10BD48A00020BA
:106FA00077CC2B3210A2002000000000C56F000833
:106FB0005D6C0008F96F00085577000864600108EF
:106FC0003001002010B5044654F8F81F90220748FD
:106FD000F9F7C6FF48220648616AF9F7C1FF6169FF
:106FE000F83C48220348F9F7BBFF10BD30010020F0
:106FF00028A2002070A2002010B5044654F8EC0F1F
:1070000090ED000AF0EE000A20EE200A3F4880EDE5
:10701000000A206890ED010AF0EE000A20EE200A36
:107020003B4880ED000A206890ED020AF0EE000A6D
:1070300020EE200A374880ED000A206890ED030A10
:10704000F0EE000A20EE200A334880ED000A14F822
:10705000DE2C324B1B885A4314F8E03C02FB03F150
:10706000206AF9F7D9FF2B4890ED000AB1EE400AEB
:10707000206A80ED000A284890ED000A206A80ED21
:10708000010A224890ED000AB1EE400A206A80ED24
:10709000020A1F4890ED000A206A80ED030A1C488E
:1070A00090ED000A206A80ED060A184890ED000A6B
:1070B000206A80ED070A184890ED000A206A80EDEA
:1070C000080A144890ED000A206A80ED090A0F486A
:1070D00090ED000A206A80ED0C0A0D4890ED000A40
:1070E000B1EE400A206A80ED0D0A0A4890ED000AD0
:1070F000B1EE400A206A80ED0E0A074890ED000AC2
:10710000206AEC3C80ED0F0A10BD0000E401002075
:10711000E8010020EC010020F00100201401002013
:1071200010B52DED088BB0EE40AAF0EE60AAB0EEDF
:1071300041BAF0EE618AB0EE429AF0EE629AB0EE99
:10714000438AFE48007858B99FEDFD2AF7EE001AF1
:107150009FEDFC1ADFEDFC0AB2EE040AFFF79AFE7F
:10716000F64880ED6F8A90ED580A3AEE400A80EDBD
:107170005B0A90ED590A3AEEC00A80ED5C0A90ED88
:107180005A0A3BEE400A80ED5D0A90ED5B0AF6EE8E
:10719000000A20EE200A20EE080AEC4880ED000AE2
:1071A000E64890ED5C0AF6EE000A20EE200A20EE9A
:1071B000080AE74880ED000AE04890ED5D0AF6EE27
:1071C000000A20EE200A20EE080AE24880ED000ABC
:1071D000DA499022D1F80401DF49F9F7C1FEDB4812
:1071E00090ED000AB1EE400AD448D0F8040180EDD9
:1071F000010AD74890ED000AB1EE400ACF48D0F816
:10720000040180ED020AD34890ED000AB1EE400A75
:10721000CA48D0F8040180ED030ACC4890ED000A7A
:10722000C648D0F8040180ED060ACA4890ED000A6D
:10723000C248D0F8040180ED080AC54890ED000A64
:10724000B1EE400ABD48D0F8040180ED090AC048FB
:1072500090ED000AB948D0F8040180ED0C0ABD4851
:1072600090ED000AB1EE400AB448D0F8040180ED78
:107270000D0AB64890ED000AB048D0F8040180ED40
:107280000F0AB44890ED000AAC48D0F8040180ED34
:10729000120AAF4890ED000AA848D0F8040180ED2A
:1072A000130AAA4890ED000AB1EE400AA348D0F8AC
:1072B000040180ED140AA148D0F84811D0F84C011F
:1072C000002359405840014306D19C48C0ED5E8AD6
:1072D00080ED5F9AC0ED609A984890ED5E0AD0ED1F
:1072E000640A60EE200A90ED6F0A90ED641A30EEA9
:1072F000011A80EE810AD0ED6F0A90ED641A70EEEB
:10730000810A90ED6F1A21EE281AC1EE201A30EE94
:10731000210A80ED5E0A90ED5F0AD0ED640A60EE0E
:10732000200A90ED6F0A90ED641A30EE011A80EE9B
:10733000810AD0ED6F0A90ED641A70EE810A90ED2B
:107340006F1A21EE091AC1EE201A30EE210A80EDE3
:107350005F0A90ED600AD0ED640A60EE200A90EDBD
:107360006F0A90ED641A30EE011A80EE810AD0EDBA
:107370006F0A90ED641A70EE810A90ED6F1A21EE9B
:10738000291AC1EE201A30EE210A80ED600AD0EDF4
:107390005E0A60EEA00A90ED5F1AD0ED5F1A41EE32
:1073A000210A90ED601AD0ED601A41EE210AB0EE8C
:1073B000600A0AF009FA694880ED000A002011E02D
:1073C000674901EB800191ED000A6449D1ED000AA3
:1073D00020EE200A5949896801EB800181ED000AFD
:1073E000411CC8B20328EBDB5448D0ED5B0A60EEC9
:1073F000A00A90ED5C1AD0ED5C1A41EE210A90EDE6
:107400005D1AD0ED5D1A41EE210AB0EE600A0AF075
:10741000DBF9F7EE000A80EE801A484880ED651A25
:107420004E4890ED000AF7EE000A80EE801A4348BD
:1074300080ED661A90ED650ADFED4A0AB4EEE00AC7
:10744000F1EE10FA16D290ED660ADFED470AB4EEBF
:10745000E00AF1EE10FA0DDD90ED660ADFED430A69
:10746000B4EEE00AF1EE10FA04D20120334981F8BB
:10747000390103E00020314981F839012F4890EDAE
:107480006C0AD0ED6F0A20EE200AD0F8180180EDCA
:10749000000A2A4890ED6C0AD0ED6F0A20EE200A0F
:1074A000D0F8180180ED070A244890ED6C0AD0ED61
:1074B0006F0A20EE200AD0F8180180ED0E0A1F484E
:1074C00090ED6C0AD0ED6F0A20EE200AD0F818017A
:1074D00080ED150A194890ED6D0AD0ED6F0A20EE87
:1074E000200AD0F8180180ED1C0A144890ED6D0AAE
:1074F000D0ED6F0A20EE200AD0F8180180ED230AA3
:107500000E4890ED6E0AD0F81C0180ED000A0B4881
:1075100090ED6E0AD0F81C0180ED040A074890ED4A
:107520006E0AD0F81C0180ED080A0448001D01F025
:10753000C9FA0248406890ED000A19E048A000200E
:10754000000000008096184B6F12833AC0010020A3
:10755000C4010020C801002064600108CC010020A3
:10756000C0A100209A99993ECDCC1441CDCC2441A4
:10757000734880ED540A406890ED010A704880ED30
:10758000550A406890ED020A6D4880ED560A406841
:1075900090ED030A6A4880ED570A406890ED040AAE
:1075A000674880ED580A406890ED050A644880ED10
:1075B000590A1FED1D0A80ED5A0A90ED541A21EE6A
:1075C000011AD0ED551A90ED552A01EE821AF7EE08
:1075D000001AB0EE002A52EE011AF0EE610A90EDA8
:1075E000541AD0ED571A21EE211AD0ED551A90ED0C
:1075F000562A01EE821AF0EE001A21EE211AB0EEA0
:10760000410A06F073FCDFED4F0A20EE200A4C48D9
:1076100080ED6A0A90ED541A21EE011AD0ED571A46
:1076200090ED572A01EE821AF7EE001AB0EE002A0A
:1076300052EE011AF0EE610A90ED541AD0ED551A8F
:1076400021EE211AD0ED561A90ED572A01EE821A3A
:10765000F0EE001A21EE211AB0EE410A06F046FCC7
:10766000DFED380A20EE200A354880ED690AD0EDBA
:10767000550A90ED571A60EE810A90ED541AD0ED3C
:10768000561A41EE610AB8EE001A60EE810AB0EEB9
:10769000600A06F095FBDFED2B0A20EE200A284851
:1076A00080ED680A90ED6A0AD0ED760A30EE600A45
:1076B000DFED250AB4EEE00AF1EE10FA07DDB0F8CE
:1076C000D401401E00B21E49A1F8D40114E01C48A8
:1076D00090ED6A0AD0ED760A30EE600ADFED1B0A03
:1076E000B4EEE00AF1EE10FA06D2B0F8D401401C74
:1076F00000B21349A1F8D401114890ED6A0AB0F91B
:10770000D40100EE900AF8EEE00A9FED111A01EEA6
:10771000200A0B4880ED6B0A90ED6A0A80ED760A2C
:10772000D0F84821D0F84C01521C40F10000044927
:10773000C1F84821C1F84C01BDEC088B10BD000018
:1077400048A00020E12E654200003443000034C30D
:107750000000B44370B52DED028B044604F18001A6
:1077600004F17800F9F7CCFA84F8C800B4F878008E
:10777000A4F8A8005A20015BAA20015304F1A80232
:1077800004F1580104F17800F9F798F984F8C80079
:10779000B4F8A800A4F8B0008220015BB220015325
:1077A00004F1B00204F1800104F1A800F9F786F9B0
:1077B00084F8C800B4F89000A4F8A0009220015BFF
:1077C000A220015304F1A00204F1900104F1B000E1
:1077D000F8F754FE84F8C80004F1B00104F1A000E9
:1077E000F8F7D4FEAC342077206C90ED000AFE4808
:1077F00080ED000A206C90ED010AFC4880ED000A43
:10780000206C90ED020AFA4880ED000A206C90EDA1
:10781000030AF84880ED000A34F8340CA081AC3C2F
:107820000121BA200153F14890ED000AF148D0ED52
:10783000000A20EE200AEC48D0ED000AEC4890ED5A
:10784000001A00EEC10AF0EE000A20EE200AD4F879
:107850002C0180ED000AE44890ED000AE348D0EDE9
:10786000000A20EE200AE248D0ED000AE14890ED3F
:10787000001A00EE810AF0EE000A20EE200AD4F889
:107880002C0180ED010AD84890ED000A20EE000A94
:10789000D648D0ED000A90ED001A00EEC10AD44897
:1078A000D0ED000A90ED001A00EEC10AD148D0EDEB
:1078B000000A90ED001A00EE810AD4F82C0180ED48
:1078C000020A002512E0D4F82C0100EB850090EDAF
:1078D000000AB0EEC00AB0EE408A06F0E5F9C648EC
:1078E00000EB850080ED000A681CC5B2032DEADBC1
:1078F000B4F84800A4F8C0000121C220015304F1EB
:10790000C00204F1B80104F14800F9F775F984F8F0
:10791000C800B4F8C000A4F8A8000121AA200153AF
:1079200004F1A80204F1C00104F1B000F9F7C6F8AF
:10793000B8342074012020802189B83CBA2001533A
:1079400004F1B80104F1C000F9F7DAF984F8C800CD
:10795000A94A3C3204F1A80104F1B800F9F7AEF8E5
:1079600084F8C800A54890ED720AD0ED730AB6EE0F
:10797000001A60EE810AB4EEE00AF1EE10FA03D2CA
:1079800001209E4981F838019C4890ED720AD0EDA3
:10799000730AB4EEE00AF1EE10FA46DD90F8380111
:1079A000002842D0954890F8390168B19348D0F842
:1079B0004011D0F84401491C40F100008F4AC2F840
:1079C0004011C2F8440105E000208C4AC2F8400191
:1079D000C2F844018948D0F84031D0F84421002051
:1079E000D3F13201904106D20020844981F8380158
:1079F00084F82C004AE0237B814D2D8803FB05F29F
:107A0000D4E93A01F9F7ACFA237B7D4D2D886B431D
:107A1000257B03FB05F2D4E93E01F9F7A1FA012029
:107A200084F82C00BDEC028B70BD744890ED720A96
:107A3000D0ED730A9FED731A60EE810AB4EEE00A8E
:107A4000F1EE10FA14DD90F8380188B16B4890ED32
:107A5000730AD0ED720A30EE600AD0ED730A9FED22
:107A60006A1A60EE810A80EE201A80ED671A04E03F
:107A7000B7EE000A614880ED670A00215F4AC2F84C
:107A80004011C2F84411002084F82C00B4F85800CA
:107A9000A4F8A8008220015BAA20015304F1A802E7
:107AA00004F1800104F15800F9F708F884F8C800DF
:107AB00004F1980204F1B00104F1A800F8F7FEFF08
:107AC00084F8C800002012E0D4F81C1101EB8001FA
:107AD00091ED000A4949D1ED670A20EE200AD4F859
:107AE0001C1101EB800181ED000A411CC8B2B4F801
:107AF00098109A22125B51438142E5DC042025E074
:107B000000211FE0021F3C4B03EB8202D2ED000A72
:107B10009FED3E1A80EE810A00EB40030B44D4F83F
:107B20001C2102EB8302D2ED000A20EE200A00EBBA
:107B300040030B44D4F81C2102EB830282ED000ABF
:107B40004A1CD1B20329DDDB411CC8B20628D7DBB1
:107B5000B4F89800A4F8B8000121BA20015304F148
:107B6000B80204F1C00104F19800F8F7A7FF84F807
:107B7000C800224890F83801A0B3042058E0BC2186
:107B8000095901EB800191ED000A1C49D1ED6F0A02
:107B90009FED1F1A60EE810AB4EEE00AF1EE10FAD2
:107BA0000BDD91ED6F0ADFED1A0A20EE200ABC21F1
:107BB000095901EB800181ED000ABC21095901EB53
:107BC000800191ED000A0D49D1ED6F0A9FED111A68
:107BD00060EE810AB4EEE00AF1EE10FA26D291EDE1
:107BE0006F0A19E026E00000F4010020F8010020EF
:107BF000FC01002000020020CCA1002048A00020B1
:107C000014010020CDCCCC3D6666663FDA0FC93F3B
:107C10000AD7233C0AD723BC5FED020A20EE200AD4
:107C2000BC21095901EB800181ED000A411CC8B259
:107C30000628A4DB9FED080ABC20005980ED030A4A
:107C400004F1300204F1B80104F13800F8F716FC31
:107C500084F8C80000BFE5E60000000010B52DED77
:107C6000028B1548D0ED070AB0EE600A1348D0ED3C
:107C7000000A134801F053FE1148406B00EE100A51
:107C800008F056FA00EE100AB8EEC00AB0EE408ACC
:107C90009FED0C1ADFED0C0A08F034FABCEEC00AB6
:107CA00010EE100A84B222460021084802F034FD8A
:107CB000BDEC028B10BD0000C4A20020D404002043
:107CC00094A300200000804F00000000000B002063
:107CD00010B5B7EE000A284880ED010AB7EE000A99
:107CE00080ED020AB7EE000A80ED030A9FED230A39
:107CF00080ED040A9FED210A80ED050A9FED1F0A21
:107D000080ED060A01201C4908709FED1C2AF7EE41
:107D1000001A9FED1B1ADFED1B0AB2EE040AFFF7F3
:107D2000B9F800221146DFED154A9FED144ADFED48
:107D3000133A9FED123ADFED112AB3EE042ADFED7C
:107D4000121A9FED0E1ADFED110A9FED110A11486C
:107D500001F04EFF00211048FDF73AFF9FED0F0A9A
:107D60000F4880ED100AF2EE060A9FED0E0A0E484B
:107D700000F0C4F910BD000078A30020000000004E
:107D80008096184B6F12833A00007A4400009643A5
:107D90000000FA4494A30020000B002096430B3C03
:107DA000F8A200200AD7233C40A4002010B586B0DA
:107DB000944A07CA03AB07C39348FAF755FA9348A6
:107DC00080ED000A924890ED000A9048D0ED000A3C
:107DD00030EE200A8E4880ED000A8C4890ED000AB3
:107DE0008C4880ED000A00BF8B48F9F70DFB8A48EC
:107DF00090ED010AB1EE400A884880ED070A8648F6
:107E000090ED000A854880ED080A834890ED020A4B
:107E1000824880ED090A804890ED040AB1EE400ADC
:107E20007E4880ED040A7C4890ED030A7B4880ED93
:107E3000050A794890ED050A784880ED060A00F1B8
:107E40001C0200F110017648FEF74EFD734890EDDC
:107E5000091AF0EE410A90ED071AB0EE410A06F059
:107E600045F8B1EE400ADFED6F0A20EE200ADFEDA3
:107E70006E0A80EE201A694880ED1A1A90ED091AF0
:107E8000F0EE410A90ED081AB0EE410A06F02EF825
:107E9000DFED640A20EE200ADFED630A80EE201A8F
:107EA0005E4880ED1B1A90ED093AF0EE432A90ED02
:107EB000083AB0EE432A90ED073AF0EE431A90EDFF
:107EC000063AB0EE431A90ED053AF0EE430A90ED13
:107ED000043AB0EE430A4D4890ED003AFFF720F91E
:107EE0004E48D0ED060AB0EE600A4848D0ED000AD0
:107EF000FAF7B0FB4D4880ED000A48494C48D0E9FC
:107F00001534026DC06D81E81C00C8600A4644311A
:107F10004848F9F73FFC414A02F150014648F9F759
:107F200039FC3E4A02F15C014448F9F733FC3B4A14
:107F3000694603A8FAF79AFA002032E037491C3163
:107F400001EB800191ED000A3049D1ED000A60EEAD
:107F5000200A324991ED100A2C4991ED001A30EEB9
:107F6000011A80EE810A2D49283101EB8001D1ED03
:107F7000000A2A4991ED101A60EE810A91ED101A5B
:107F80002249D1ED001A31EE211AC0EE811A30EEED
:107F9000210A2249283101EB800181ED000A411CB0
:107FA000C8B20328CADB1D4A02F13401A1F10C005A
:107FB000F9F7F0FB224890ED6A0A184880ED1E0A96
:107FC0001F4890ED680A154880ED1D0A1C4890ED89
:107FD000690A124880ED1C0A194890ED6B0A0F4897
:107FE00080ED1F0A00BF1748007800F0010008B9B3
:107FF000FFF734FE13480068401C1249086006B0C1
:1080000010BD000018610108C4040020C80400204D
:10801000CC040020E8040020C4A20020F8A2002024
:1080200078A3002000003443DB0F4940DC0400202B
:1080300048A10020F4600108006101080C610108FA
:1080400048A00020EC04002030B50B46002100BF02
:1080500016E00A24B4EB107F05D9302404EB107429
:1080600003F8114005E0412404EB10740A3C03F8C6
:108070001140000100254C00641C1D554C1CE1B250
:108080009142E6DB30BD0000002118480177807E78
:1080900001280CD116480068401C154908600846A4
:1080A00000680A2811DB0221104801770DE0114811
:1080B0000068012806D10E4800680A2802DA032069
:1080C0000D49087000200A4908600B480078002814
:1080D00007DD01210548017707480078401E064961
:1080E00008700248807E03490860704728A7002076
:1080F000DC050020E0050020E60500209FED0E1ABB
:1081000080ED001A9FED0C1A80ED051A80ED090A2A
:10811000C0ED0A0AB7EE001A80ED071A9FED061AA5
:1081200080ED081AB7EE001A80ED0B1A90ED001AD8
:1081300080ED011A7047000000000000F0EE400AD8
:1081400090ED070A90ED001A20EE010A80ED010A79
:1081500090ED090A90ED071AD0ED051A01EE210AFB
:1081600080ED030A90ED030A90ED0A1A30EE010A41
:1081700090ED031AC1EE001AC0ED061A90ED010A47
:1081800090ED061AD0ED011A70EEE11A01EE210A07
:1081900080ED020A90ED060AB7EE001A31EE400AB1
:1081A00090ED031A20EE010A80ED040A90ED040A16
:1081B00080ED050A90ED020A80ED000A90ED020ABA
:1081C000704700000FB583B00420FE4908800820E6
:1081D000FD490880DDE90310087303990598487389
:1081E00003990698887300210398017406980290F9
:1081F000F8F710FE039948610698029003984069C9
:1082000001900299F8F7E6FEEE4800880699484387
:108210000290F8F7FFFD03998861EA480088069903
:10822000484302900398806901900299F8F7F4FEA0
:10823000E4480088069948430290F8F7EBFD03995B
:10824000C861E04800880699484302900398C069D5
:1082500001900299F8F7E0FEDA4800880499484353
:108260000290F8F7D7FD03990862D6480088049970
:10827000484302900398006A01900299F8F7CCFEF7
:1082800006980290F8F7C6FD039948620698029096
:108290000398406A01900299F8F79CFEC94800884B
:1082A000049948430290F8F7B5FD03990860C54862
:1082B000008804994843029003980068019002994D
:1082C000F8F7AAFEBF480088069948430290F8F7DD
:1082D000A1FD03994860BB48008806994843029075
:1082E0000398406801900299F8F796FEB548008817
:1082F000059948430290F8F78DFD03998860B148CD
:10830000008805994843029003988068019002997B
:10831000F8F782FEAB480088049948430290F8F7CA
:1083200079FD0399C1F8E800A648008804994843FC
:1083300002900398D0F8E80001900299F8F76CFEDB
:108340000398D0F8E80002900398007B0190012286
:108350000146DDE902303030F8F714F99948008819
:10836000049948430290F8F755FD0399C1F8EC00D1
:10837000944800880499484302900398D0F8EC0090
:1083800001900299F8F748FE0398D0F8EC000290AB
:108390000398007B019001220146DDE9023038306C
:1083A000F8F7F0F8059818B386480088059948430F
:1083B0000290F8F72FFD0399C1F8F000814800887A
:1083C0000599484302900398D0F8F0000190029973
:1083D000F8F722FE0398D0F8F00002900398407B53
:1083E000019001220146DDE902304030F8F7CAF879
:1083F00074480088069948430290F8F70BFD0399EA
:10840000C1F8F4006F480088069948430290039829
:10841000D0F8F40001900299F8F7FEFD0398D0F827
:10842000F40002900398807B019001220146DDE96F
:1084300002304830F8F7A6F86248008804994843AB
:1084400048430290F8F7E6FC0399C1F8F8005D484C
:10845000008804994843484302900398D0F8F800F4
:1084600001900299F8F7D8FD0398D0F8F80002902F
:108470000398007B01900398007B00900146DDE9A2
:1084800002305030019AF8F77DF84E480088049980
:10849000484348430290F8F7BDFC0399C1F8FC003B
:1084A0004848008804994843484302900398D0F80C
:1084B000FC0001900299F8F7AFFD0398D0F8FC009A
:1084C00002900398007B01900398007B0090014686
:1084D000DDE902305830019AF8F754F8394800883D
:1084E0000499484348430290F8F794FC0399C1F873
:1084F0000001344800880499484348430290F8F743
:1085000089FC0399C1F804012E4800880499484366
:10851000484302900398D0F8000101900299F8F7BF
:108520007BFD2848008804994843484302900398FB
:10853000D0F8040101900299F8F76EFD0398D0F885
:10854000000102900398007B01900398007B00904B
:108550000146DDE902306030019AF8F713F803981C
:10856000D0F8040102900398007B01900398007BEF
:1085700000900146DDE902306830019AF8F702F810
:10858000059878B30F4800880499484305994843F3
:108590000290F8F73FFC0399C1F8080109480088E8
:1085A000049948430599484302900398D0F808017C
:1085B00001900299F8F730FD0398D0F80801029075
:1085C000039803E01401002016010020407B019075
:1085D0000398007B00900146DDE902307030019A7B
:1085E000F7F7D0FFB94800880699484304994843F3
:1085F0000290F8F70FFC0399C1F80C01B34800880A
:1086000004994843069948430290F8F703FC0399FC
:10861000C1F81001AD4800880699484304994843C1
:1086200002900398D0F80C0101900299F8F7F4FC3D
:10863000A648008804994843069948430290039845
:10864000D0F8100101900299F8F7E6FC0398D0F8F1
:108650000C0102900398007B01900398807B0090AE
:108660000146DDE902307830019AF7F78BFF039875
:10867000D0F8100102900398807B01900398007B52
:1086800000900146DDE902308030019AF7F77AFF69
:108690008E4800880499484348430290F8F7BAFB93
:1086A0000399C1F814018948008804994843484354
:1086B00002900398D0F8140101900299F8F7ACFCED
:1086C0000398D0F8140102900398007B019003985E
:1086D000007B00900146DDE902308830019AF7F70F
:1086E00051FF7A4800880699484348430290F8F7BA
:1086F00091FB0399C1F81801744800880699484312
:10870000484302900398D0F8180101900299F8F7B5
:1087100083FC0398D0F8180102900398807B0190A5
:108720000398807B00900146DDE902309030019A89
:10873000F7F728FF6548008804994843069948439D
:108740000290F8F767FB0399C1F81C015F480088A5
:10875000049948430699484302900398D0F81C01B5
:1087600001900299F8F758FC0398D0F81C01029088
:108770000398807B01900398007B00900146DDE91F
:1087800002309830019AF7F7FDFE0398007B4F49BD
:10879000098848430399097B48430290F8F73AFB5C
:1087A0000399C1F820010398007B48490988484390
:1087B0000399097B48430290F8F72CFB0399C1F811
:1087C00024010398007B4149098848430399097BA8
:1087D00048430290F8F71EFB0399C1F8280103985B
:1087E000007B3A49098848430290F8F713FB039944
:1087F000C1F82C010398007B344909884843029052
:10880000F8F708FB0399C1F830010398D0F820016C
:1088100002900398007B01900398007B0090014632
:10882000DDE90230A030019AF7F7ACFE0398D0F8EA
:10883000240102900398007B01900398007B009034
:108840000146DDE90230A830019AF7F79BFE039854
:10885000D0F8280102900398007B01900398007BD8
:1088600000900146DDE90230B030019AF7F78AFE48
:108870000398D0F82C0102900398007B019001220C
:108880000146DDE90230B830F7F77CFE0398D0F8F6
:10889000300102900398007B019001220146DDE93E
:1088A0000230C030F7F76EFE0021039880F82810E0
:1088B000039880F82910039880F82A10039880F80C
:1088C0002B10039880F82C1007B000BD1401002075
:1088D00070B50446E07B18B12046FDF739FE11E083
:1088E000A37B0E4D2D8803FB05F26168D4F8F400DC
:1088F000F8F736FBA27B094B1B8802FB03F160688B
:10890000F8F78AFB637B054D2D8803FB05F2A16810
:10891000D4F8F000F8F724FB70BD0000140100202B
:1089200010B5044694F82C0068BBB4F89800A4F87D
:10893000A8007A20015BAA200153B4F8A800A4F88B
:10894000B0005A20015BB220015304F1A80204F1E7
:10895000780104F19800F8F7B1F884F8C80004F140
:10896000B00204F1580104F1A800F8F7A7F884F860
:10897000C80004F1500204F1B00104F15800F8F706
:108980003BF984F8C80010BD10B5044694F82900DE
:1089900068BB04F1680104F16000F8F7B1F984F8EC
:1089A000C80004F1580204F1500104F16000F8F726
:1089B00085F884F8C800B4F85800A4F8A8006A2024
:1089C000015BAA20015304F1A80204F1680104F13B
:1089D0005800F8F773F884F8C80004F1580204F15D
:1089E000880104F1A800F7F749FD84F8C80010BD1C
:1089F00010B5044694F82A00002861D104F18001E2
:108A000004F17800F8F77CF984F8C800B4F878002D
:108A1000A4F8A8005A20015BAA20015304F1A8027F
:108A200004F1580104F17800F8F748F884F8C80018
:108A3000B4F8A800A4F8B0008220015BB220015372
:108A400004F1B00204F1800104F1A800F8F736F84F
:108A500084F8C800B4F89000A4F8A0009220015B4C
:108A6000A220015304F1A00204F1900104F1B0002E
:108A7000F7F704FD84F8C80004F1B00104F1A00088
:108A8000F7F784FD84F8C800B4F85800A4F8A800EB
:108A90008220015BAA20015304F1A80204F18001A5
:108AA00004F15800F8F70AF884F8C80004F19802B5
:108AB00004F1B00104F1A800F8F700F884F8C80048
:108AC00010BD000070B504462046FFF701FFD4F842
:108AD000CC0018B12046D4F8CC108847204600F0CE
:108AE00085F8D4F8D00018B12046D4F8D0108847C3
:108AF0002046FFF749FFD4F8D40018B12046D4F837
:108B0000D4108847207C08B9E07BB8B92046FFF72D
:108B10006FFFD4F8D80018B12046D4F8D810884791
:108B2000204600F0A1F8D4F8DC0018B12046D4F8B3
:108B3000DC1088472046FFF7F3FE13E0237B2A4D25
:108B40002D8803FB05F2D4E93A01F8F709FA237BF3
:108B5000254D2D886B43257B03FB05F2D4E93E01AF
:108B6000F8F7FEF9D4F8E00018B12046D4F8E01088
:108B70008847002022E0227B00FB0202D4F8F81094
:108B800001EB820191ED000A216A01EB8001D1ED38
:108B9000000AB4EEE00AF1EE10FA0DD2216A01EB00
:108BA000800191ED000A227B00FB0202D4F8F8104C
:108BB00001EB820181ED000A411CC8B2217B814298
:108BC000D9DC237B084D2D8803FB05F2D4F8E8108F
:108BD0002068F8F7C5F9D4F8E40018B12046D4F8B5
:108BE000E4108847206870BD1401002010B50446C9
:108BF00094F8280060BB607B00282ADD207BA4F865
:108C0000B8000121BA20015304F1B80204F1300187
:108C100004F16000F7F752FF84F8C800207BA4F845
:108C2000C0000121C220015304F1C00204F140013F
:108C300004F17000F7F742FF84F8C80004F138022D
:108C400004F1C00104F1B800F7F718FC84F8C8007B
:108C500009E004F1380204F1300104F16000F7F793
:108C60002DFF84F8C80010BD10B5044694F82B0001
:108C7000E0BBB4F87800A4F8B8000121BA20015391
:108C800004F1B80204F1380104F17800F7F716FF97
:108C900084F8C800B4F84800A4F8C0000121C2203C
:108CA000015304F1C00204F1B80104F14800F7F7E0
:108CB000A3FF84F8C800B4F89800A4F8B800012114
:108CC000BA20015304F1B80204F1C00104F1980084
:108CD000F7F7F4FE84F8C80004F1300204F1B8019B
:108CE00004F13800F7F7CAFB84F8C80010BD000093
:108CF00010B50F480F4908600320486000210D4857
:108D00008160C1604FF4102101614FF40011416195
:108D1000002101760121417600218176C17601771B
:108D20004177FAF72FF808B1F9F74DFC10BD0000B4
:108D3000006400407809002010B50F480F49086012
:108D40000320486000210D488160C1604FF410216C
:108D500001614FF40011416100210176012141764A
:108D600000218176C17601774177FAF70BF808B1D7
:108D7000F9F729FC10BD000000680040A0090020A0
:108D800008B500BF002000902A48006840F4800029
:108D9000284908600846006800F48000009000BF81
:108DA00000BF00BF002000900846006840F400109B
:108DB00008600846006800F40010009000BF00BF83
:108DC000002205210C20FAF74FFE0C20FAF738FE9E
:108DD000002205213820FAF747FE3820FAF730FE46
:108DE000002205213920FAF73FFE3920FAF728FE44
:108DF000002205213A20FAF737FE3A20FAF720FE42
:108E0000002205213B20FAF72FFE3B20FAF718FE3F
:108E1000002205214520FAF727FE4520FAF710FE2B
:108E2000002205214620FAF71FFE4620FAF708FE29
:108E300008BD00003038024000B5CDB01C224149C9
:108E400046A8F8F78DF8002146A808F082FD3E49B3
:108E500008601C223B491C313FA8F8F781F800212B
:108E60003FA808F076FD394908601C2235493831A1
:108E700038A8F8F775F8002138A808F06AFD3449D9
:108E800008601C222F49543131A8F8F769F80021F5
:108E900031A808F05EFD2F4908601C222949703175
:108EA0002AA8F8F75DF800212AA808F052FD2A49FF
:108EB00008601C2223498C3123A8F8F751F80021BF
:108EC00023A808F046FD254908601C221D49A83149
:108ED0001CA8F8F745F800211CA808F03AFD204925
:108EE00008601C221749C43115A8F8F739F8002189
:108EF00015A808F02EFD1B4908601C221149E0311D
:108F00000EA8F8F72DF800210EA808F022FD16494A
:108F100008601C220B49FC3107A8F8F721F8002152
:108F200007A808F016FD114908601C221049684680
:108F3000F8F716F80021684608F00BFD0D490860A7
:108F40004DB000BD105F01080000002004000020AB
:108F5000080000200C000020100000201400002059
:108F6000180000201C000020200000202400002009
:108F7000286001082800002000B587B0142102A84D
:108F8000F8F74AF800BF002001909748006840F0C9
:108F90000200954908600846006800F00200019050
:108FA00000BF00BF00BF002001900846006840F0ED
:108FB000400008600846006800F04000019000BFD3
:108FC00000BF00BF002001900846006840F001008B
:108FD00008600846006800F00100019000BF00BF73
:108FE00000BF002001900846006840F008000860BB
:108FF0000846006800F00800019000BF00BF00BFF5
:10900000002001900846006840F00400086008460F
:10901000006800F00400019000BF00BF00BF002006
:1090200001900846006840F48070086008460068B7
:1090300000F48070019000BF00BF00BF00200190CD
:109040000846006840F0800008600846006800F0AC
:109050008000019000BF00BF00BF002001900846C3
:10906000006840F0200008600846006800F020001A
:10907000019000BF00BF0122C0215C48FAF726FC26
:1090800000224FF480715A48FAF720FC0122402157
:109090005748FAF71BFC012240215648FAF716FC04
:1090A00000224FF480515448FAF710FC012210219D
:1090B0005248FAF70BFC012241F201015048FAF73D
:1090C00005FC802002900120039004900020059070
:1090D00002A94648FAF700FB4020029001200390C5
:1090E00004900220059002A94048FAF7F5FA4FF4DF
:1090F000A07002900120039000200490059002A926
:109100003B48FAF7E9FA40200290012003900490CE
:10911000059002A93748FAF7DFFA4FF48050029021
:109120000120039000200490059002A93248FAF72C
:10913000D3FA082002904FF4881003900120049085
:1091400002A92C48FAF7C8FA0120029000200390E7
:109150000120049002A92948FAF7BEFA10200290D3
:109160000120039004900220059002A92348FAF7F9
:10917000B3FA302002904FF488100390012004903D
:1091800002A91B48FAF7A8FA4FF480500290012078
:1091900003900490059002A91948FAF79DFA01205E
:1091A0000290039004900220059002A91448FAF757
:1091B00093FA002205210920FAF756FC0920FAF754
:1091C0003FFC002205210A20FAF74EFC0A20FAF79C
:1091D00037FC002205211720FAF746FC1720FAF782
:1091E0002FFC07B000BD00003038024000200240D4
:1091F0000008024000180240001C0240000002402B
:109200000004024010B50A480A490860002048607E
:109210007C210848816040F67F41C16000210161E6
:1092200041618161FBF7C4FF08B1F9F7CCF910BDCA
:1092300000280040C809002010B50F480F490860F9
:109240004FF48270486000210C488160C1600221A7
:10925000016101214161490281611021C161002147
:109260000162416281620A21C162FCF737F808B1EC
:10927000F9F7A9F910BD000000300140E80900200D
:1092800000B587B01C216846F7F7C6FE1548164999
:1092900008605320486000211348816040F2CF717C
:1092A000C160002101618161FCF74EFA08B1F9F754
:1092B0008AF90D48FCF757FC08B1F9F784F96020EA
:1092C0000090002001900290049000226946064818
:1092D000FCF7C7FB08B1F9F776F90348FCF78EFBFA
:1092E00007B000BD00440140000B002010B512483B
:1092F000124908604FF4E130486000210F48816056
:10930000C16001610C21416100218161C161FCF7F3
:10931000D7FE08B1F9F757F908480068C06840F06F
:10932000100006490968C8604FF4A0720449034858
:10933000FDF7A6F810BD000000100140480B00200A
:10934000CCA4002010B50B480B4908600B484860BE
:10935000002109488160C1604FF4806101610C21E6
:10936000416100218161C161FCF7AAFE08B1F9F7F2
:109370002AF910BD00480040900B0020A086010093
:1093800010B50A480A4908600A48486000210848A0
:109390008160C16001610C21416100218161C16175
:1093A000FCF78EFE08B1F9F70EF910BD001401406C
:1093B000D80B002040420F0010B500220D490E4886
:1093C00002F008FD08B1F9F7FEF80C490A4802F06E
:1093D000C9FF08B1F9F7F7F80949074802F0A2F9FF
:1093E00008B1F9F7F0F8044803F092F808B1F9F77A
:1093F000EAF810BD30000020000E00203C060020DE
:109400008000002000BFFEE700BFFEE710B52DED95
:10941000028B0446B0EE408AF0EE608AD4F8060073
:1094200090ED010A8A4880ED000A00201DE054F802
:10943000062F411C02EB810191ED000A8449D1ED18
:10944000000A30EE600A216801EB800181ED000A1C
:109450006268411C02EB810191ED000AA41F02EB3E
:10946000800181ED000A411C88B22188491E814299
:10947000DDDCD4F806102088801E01EB800090ED22
:10948000000A30EE080A2088401E01EB800080EDC3
:10949000000AD4F80A102088401E01EB8000C0EDBD
:1094A000008AD4F802002188884204D2D4F802004D
:1094B000401CC4F80200102104F11A00F7F78AFDDD
:1094C00021886288891A88B24AE054F8061F01EBA5
:1094D0008001D1ED000A216801EB800191ED001AB5
:1094E000616900EE101A00EE810A10EE101A616137
:1094F00054F8061901EB8001D1ED000AD4F81E10D2
:1095000000EE101A30EE800A10EE101AC4F81E1089
:10951000D4F8061001EB8001D1ED000AD4F80A104E
:1095200001EB800191ED001AD4F8221000EE101A20
:1095300000EE810A10EE101AC4F82210D4F80A10B6
:1095400001EB8001D1ED000AD4F8261000EE101ACC
:1095500030EE800A10EE101AC4F82610411C88B2B2
:1095600021888142B1DCD4F8220000EE100A208864
:1095700000EE900AF8EE600A20EE200AD4F81E00F1
:1095800000EE900AD4F8260001EE100A00EEC10A9F
:10959000D4F81A0000EE900A208801EE100AB8EE06
:1095A000411A20EE811AD4F81E0000EE900A01EE56
:1095B000900A00EEE11AC0EE010A10EE900AC4F81B
:1095C0000E009FED240A10EE100AC4F81600218840
:1095D0006288891A88B221E054F8061F01EB8001E5
:1095E00091ED001AE16800EE101AA16800EE901AE1
:1095F00000EE810A616801EB8001D1ED000A30EED6
:10960000600AF0EEC00A216900EE101A30EE800AFE
:1096100010EE101A2161A41F411C88B221888142DA
:10962000DADCD4F8160000EE100A208800EE900A6A
:10963000B8EE601AC0EE010A10EE900AC4F81600E7
:10964000D4F80E0000EE100ABDEC028B10BD000035
:10965000280100200000000070B504460D46A41C3F
:1096600024F8025C00202060A80008F0C1FC6060C3
:10967000A80008F0BDFCA0609FED0C0A10EE100AD7
:10968000E0609FED0A0A10EE100A2061A9006068F0
:10969000F7F7C2FCA900A068A41EF7F7BDFC1021D3
:1096A00004F11A00F7F796FC70BD000000000000FE
:1096B00010B50248FAF7F7FB10BD0000DC100020DF
:1096C0002DE9F04704460D4626683746D6F8408017
:1096D00007F5306000EB4510D0F808901048804541
:1096E0000BD909F40040B0F5004F06D14FF400410A
:1096F00007F5306000EB451081602046FBF78EF8DF
:109700000748804508D9A079012805D104F29C4278
:109710000121206803F05CFB0020BDE8F087000019
:109720000A30544F2DE9F04705460C46D5F8009015
:109730004E46D9F840A006F5306000EB4410D0F852
:109740000880A879012855D108F0080008280FD111
:10975000434882450BD908F40040B0F5004F7BD157
:109760004FF4004106F5306000EB4410816073E077
:1097700008F02000202806D1202106F5306000EBFB
:109780004410816068E008F02800002864D1344863
:1097900082450CD908F40040B0F5004F07D14FF4D2
:1097A000004106F5306000EB4410816054E004EBAA
:1097B000C40105F5157000EB810706F5306000EB7C
:1097C0004410396A0069C0F31200081A786164B95C
:1097D000386930B905F29C420121286803F0F8FA93
:1097E00003E07969F8680844F860E1B22846FAF7BE
:1097F000D1F931E01B4882451BD108F40040B0F597
:10980000004F07D14FF4004106F5306000EB4410E3
:10981000816021E008F02000202805D1202106F5F4
:10982000306000EB44108160E1B22846FAF7B2F9EB
:1098300012E06CB904EBC40105F5157000EB810072
:10984000006928B905F29C420021286803F0C0FA9B
:10985000E1B22846FAF79EF90020BDE8F087000043
:109860000A30544F0A31544F2DE9F84F07460E463F
:10987000D7F80090C84606EBC60107F1140000EBCC
:109880008104D4E90410884202D90120BDE8F88F90
:10989000D4E90401451AA068A84200D2A568E81CD2
:1098A0004FEA900A17E0D4E90401451AA068A842DB
:1098B00000D2A568E81C4FEA900AB879ABB2F2B2C0
:1098C00000904846E16803F04BFFE0682844E06000
:1098D00060692844606108F5106000EB46108069FB
:1098E00080B2504506D3D4E90410884202D22069E0
:1098F0000028D8D1D4E9040188420ED806F00F011F
:10990000012000FA01FB40F6340050F8080020EA7C
:109910000B0040F6340141F808000020B6E710B50E
:109920002DED028B0446B0EE408AF0EE608A94F88A
:10993000980000F0800010B1204606F07FFA04F194
:109940008C00F8F791FC10EE100AC4F8900018EEA5
:10995000100A206118EE900A2060206800EE100ABC
:10996000206900EE900A30EE600A10EE100AA06145
:10997000D4F8A20018B1D4F8A21020468847A069F4
:1099800000EE100AB5EEC00AF1EE10FA03DDA06990
:1099900000EE100A04E0A06900EE100AB1EE400AE1
:1099A000A06C00EE900AB4EEE00AF1EE10FA7EDD53
:1099B000D4F8940098BB606800EE100AA06900EE2D
:1099C000900A20EE200A10EE100A6062A06800EEF5
:1099D000100AA06900EE900A60EE200AD4F8900008
:1099E00000EE100A20EE800A10EE100A2063B4F890
:1099F0006000022814DDA06900EE900AD4F89000FF
:109A000000EE100A04F16200FFF700FDE06800EECE
:109A1000900A20EE200A10EE100AE0627FE016E0C5
:109A2000A06900EE100AE06900EE900A70EE600A8C
:109A3000E06800EE100A20EE801AD4F8900000EEE4
:109A4000100AC1EE000A10EE900AE06267E060685A
:109A500000EE100AD4F89400006800EE900A70EE50
:109A6000200AA06900EE100A20EE800A10EE100A0B
:109A70006062A06800EE100AD4F89400406800EE1E
:109A8000900A70EE200AA06900EE100A60EE800ACB
:109A9000D4F8900000EE100A20EE800A10EE100AB2
:109AA0002063B4F8600002281CDDA06900E08EE0AD
:109AB00000EE900AD4F8900000EE100A04F1620063
:109AC000FFF7A4FCE06800EE900AD4F894008068E8
:109AD00001EE100A70EE810A20EE200A10EE100A44
:109AE000E0621CE0E06800EE100AD4F894008068A0
:109AF00000EE900A30EE201AA06900EE100AE0692C
:109B000000EE900A30EE600A21EE001AD4F89000C0
:109B100000EE100AC1EE000A10EE900AE062D4F8DE
:109B2000A60018B1D4F8A6102046884794F89800EB
:109B300000F0040010B1204606F0FDF994F89800FA
:109B400000F0200010B1204605F094FF94F8980032
:109B500000F0020010B1204606F02FF894F89800AB
:109B600000F0400010B1204605F0FCFF94F898008A
:109B700000F0010010B1204606F09AF8A06A00EE4D
:109B8000100A206B00EE900A30EE200A10EE100A48
:109B9000A062606A00EE100AA06A00EE900A70EE01
:109BA000200AE06A00EE100A30EE800A10EE100A79
:109BB000606394F8980000F0100010B1204606F0A1
:109BC000EFF8204606F017F9204606F091F92069D3
:109BD0006061606BA063E06AE063A069E061206B94
:109BE0002062606B00EE100ABDEC028B10BD00001D
:109BF00070B52DED0A8B0446B0EE408AF0EE608A17
:109C0000B0EE419AF0EE619AB0EE42AAF0EE62AA8E
:109C1000B0EE43BAF0EE63BAB0EE44CAF0EE64CAF6
:109C20000D46164619EE100AA06418EE900A6064FC
:109C300018EE100A20649FED1C0A10EE100A206036
:109C400019EE900A60601AEE100AA0601AEE900AEF
:109C5000E0609FED150A10EE100A20631BEE100A5B
:109C600020651BEE900A60651CEE100AA0651CEED4
:109C7000900AE065A4F86050294604F16200FFF7FD
:109C8000EBFC00208D3444F8010CE6720021E16009
:109C900021618D3CA12001559FED030A10EE100AB1
:109CA0006063BDEC0A8B70BD00000000B0EE401A8E
:109CB00010B99FED6D0A704790ED0D0A80ED0E0A08
:109CC00090ED0C0A80ED0D0AC0ED060A80ED071A32
:109CD00030EEC10A80ED0C0A0178E9BB90ED010A73
:109CE000D0ED0C1A20EE210A80ED090A90ED0A0A47
:109CF000D0ED021A90ED0C2A01EE820A80ED0A0ADC
:109D000090ED0C0AD0ED0D1A30EE610AD0ED031A79
:109D100020EE210A80ED0B0A90ED0A0AD0ED051A1B
:109D2000B4EEE10AF1EE10FA04DD90ED050A80EDE3
:109D30000A0A10E090ED0A0AD0ED051AF1EE611A58
:109D4000B4EEE10AF1EE10FA05D290ED050AB1EE9B
:109D5000400A80ED0A0A00E02BE090ED090AD0ED00
:109D60000A1A30EE210AD0ED0B1A30EE210A80EDEE
:109D7000080A90ED080AD0ED041AB4EEE10AF1EEFB
:109D800010FA04DD90ED040A80ED080A69E090ED18
:109D9000080AD0ED041AF1EE611AB4EEE10AF1EE10
:109DA00010FA5ED290ED040AB1EE400A80ED080A86
:109DB00057E00178012954D190ED0C0AD0ED0D1A2D
:109DC00030EE610AD0ED011A20EE210A80ED090A79
:109DD00090ED020AD0ED0C1A20EE210A80ED0A0A5D
:109DE00090ED0C0AD0ED0D1AB0EE002A02EE610AD9
:109DF000D0ED0E1A30EE210AD0ED031A20EE210A22
:109E000080ED0B0A90ED090AD0ED0A1A30EE210A16
:109E1000D0ED0B1A30EE210AD0ED081A30EE210AEF
:109E200080ED080A90ED080AD0ED041AB4EEE10ABC
:109E3000F1EE10FA04DD90ED040A80ED080A10E05E
:109E400090ED080AD0ED041AF1EE611AB4EEE10AC1
:109E5000F1EE10FA05D290ED040AB1EE400A80ED61
:109E6000080A90ED080A26E70000000000B97047D4
:109E7000017080ED010AC0ED020A80ED031AC0ED09
:109E8000051A80ED042ADFED092AC0ED082AC0ED8D
:109E90000B2AC0ED0A2AC0ED092AC0ED0E2AC0ED3A
:109EA0000D2AC0ED0C2A00BFE1E700000000000011
:109EB0000146002901DD08467047484200B2FBE731
:109EC00010B5242000F092F810BD000010B51A491A
:109ED000B1F90000FFF7ECFFB0F52F7F00DD24E0C3
:109EE0001549B1F90200FFF7E3FFB0F52F7F00DD60
:109EF0001BE01149B1F90400FFF7DAFFB0F52F7F3D
:109F000000DD12E00C49B1F90600FFF7D1FFB0F512
:109F10002F7F00DD09E00848807A00B905E0064897
:109F2000C07A00B901E0002010BD4C210248F7F7CB
:109F300073F80120F8E7000028A7002010B5234B94
:109F40001B685B6943F04003204C246863611F4B2E
:109F50001B68DB6843F010031C4C2468E3601C4B57
:109F60001B681B6823F00103194C2468236007E079
:109F7000174B1B681B6823F00103154C24682360F2
:109F8000134B1B681B6803F00103002BF0D1114B2E
:109F90000F4C2468A3600E4B1B68D8600C4B1B68E9
:109FA00019610B4B1B685A60094B1B681B6843F413
:109FB0008023074C24682360054B1B681B6843F013
:109FC0000103034C2468236010BD0000900B0020A7
:109FD000E00C00200448004010B54C210248F7F77F
:109FE0001BF8002010BD000028A7002011490968B7
:109FF000C96821F400510F4A1268D1600E490968FE
:10A00000096821F001010C4A126811600A490968C7
:10A01000486009490968096841F00101064A126867
:10A02000116004490968C96841F40051014A126885
:10A03000D1607047900B0020E00C002010B500BFED
:10A04000012007F075FCFBE770B5044600260025EB
:10A050002068C06800F04000C8B92068C06840F0BF
:10A0600080002168C860F9F737FC064608E0F9F778
:10A0700033FC801BB0F57A7F02D90420607701257C
:10A080002068C06800F0400008B9012DEFD12846D3
:10A0900070BD70B5044600252068C06820F08000BF
:10A0A0002168C8602068806800F0200030B9204630
:10A0B000FBF7F8F810B1042060770125284670BD41
:10A0C0000C4890ED030ABDEEC00A0B4880ED000A73
:10A0D00000680A490968884204D009480088401C81
:10A0E000074908800448006804490860044800885B
:10A0F0007047000070A40020D0060020D406002085
:10A10000CC0600207CB504460E4615463346012297
:10A1100002212046009500F039F828B1606D40F02A
:10A120002000606503207CBD164800681821B0FB44
:10A13000F1F01549B0FBF1F04FF47A71484301900A
:10A140006068B0F5827F0DD1334600228021204621
:10A15000009500F01BF898B1606D40F0200060653C
:10A160000320E0E700BF019800B908E00198401E15
:10A17000019020688068C0F3C0100028F3D100BFB0
:10A180000020D0E7A800002040420F002DE9F84F42
:10A1900004460D4690461E46DDF82890F9F79CFBD4
:10A1A000A0EB0900371AF9F797FB82462C480068A4
:10A1B000C0F3CB307843009046E0701C002843D0B9
:10A1C000F9F78AFBA0EB0A00B84200D2A7BB2068CF
:10A1D000406820F0E000216848606068B0F5827F48
:10A1E0000DD1A068B0F5004F03D0A068B0F5806F26
:10A1F00005D12068006820F0400021680860A06A4E
:10A20000B0F5005F0DD100BF2068006820F4005059
:10A21000216808602068006840F4005021680860E8
:10A2200000BF012084F8510000BF002084F85000D6
:10A2300000BF0320BDE8F88FFFE7009808B90027AA
:10A2400002E00098401E0090206880682840A842E4
:10A2500001D1012000E000204045AED10020E9E717
:10A26000A800002010B52DED0A8BB0EE408AF0EE6C
:10A27000608A9FED200AB0EE409AB4EEE88AF1EED3
:10A2800010FA04DDB7EE000AB0EE409A2CE018EEAA
:10A29000900A0BF0BBFB41EC1A0B18EE100A0BF006
:10A2A000B5FB41EC1C0BB0EE4C0AF0EE6C0A03F06F
:10A2B00073FFB0EE40BAF0EE60BA53EC1A2B51ECDB
:10A2C0001B0B0AF069FD04D288EE280AB0EE409A12
:10A2D0000AE0B1EE680AB4EEC08AF1EE10FA03D2D9
:10A2E000BFEE000AB0EE409AB0EE490ABDEC0A8B10
:10A2F00010BD000000000000FDF7EAFC00BFFDF704
:10A3000055FD012007F014FBF9E7000000BF0E48DF
:10A31000D0ED0A1AB0EE611AD0ED081AF0EE610A1B
:10A32000D0ED031AB0EE610ADFED083A9FED073A6F
:10A33000DFED062A9FED052ADFED041A03F0B2FBDC
:10A340000A2009F0BFFBE2E770A400200000000033
:10A3500010B500BF502080F31188BFF34F8FBFF3BB
:10A360006F8F00BF09F01AFE18B14FF080500449FA
:10A37000086000BF002080F3118800BF10BD0000FE
:10A3800004ED00E000B593B0302107A8F6F744FED5
:10A39000142102A8F6F740FE00BF002001902448D7
:10A3A000006840F08050224908600846006800F0CC
:10A3B0008050019000BF00BF00BF002001901D48E9
:10A3C000006840F480401B4908600846006800F4BB
:10A3D0008040019000BF00BF01200790000408905A
:10A3E00002200D9041050E9106210F91A821109198
:10A3F000022111910721129107A8FAF78BFC08B1ED
:10A40000F8F7E1F80F20029002200390002004905A
:10A410004FF4A05005904FF480500690052102A8FB
:10A42000FAF716FB08B1F8F7CEF813B000BD00003C
:10A4300040380240007000400348006840F470005B
:10A44000014908607047000088ED00E010B502483F
:10A45000FBF71DFA10BD0000E029002010B50268CE
:10A460002B4B98420ED0B0F1804F0BD0294B984225
:10A4700008D0294B984205D0284B984202D0284B4F
:10A48000984203D122F070024B681A43204B984245
:10A4900020D0B0F1804F1DD01E4B98421AD01E4BD9
:10A4A000984217D01D4B984214D01D4B984211D0A2
:10A4B0001C4B98420ED01C4B98420BD01B4B984221
:10A4C00008D01B4B984205D01A4B984202D01A4B29
:10A4D000984203D122F44072CB681A4322F08003E1
:10A4E0004C6943EA04028B68C3620B688362084BC1
:10A4F000984202D00A4B984201D10B69036303686A
:10A5000043F00403036001234361026010BD0000B7
:10A51000000001400004004000080040000C004022
:10A520000004014000400140004401400048014057
:10A5300000180040001C00400020004030B501F031
:10A540001F05012404FA05F3046A9C430462046AAB
:10A5500001F01F0502FA05F52C43046230BD00002E
:10A5600030B5026A056A25F0010505624368846911
:10A5700024F0700424F003040D682C4322F002023E
:10A580008D682A43104DA84200D103E00F4DA84228
:10A5900006D100BF22F00802CD682A4322F004024F
:10A5A000094DA84202D0094DA84207D123F4807377
:10A5B00023F400734D692B438D692B434360846101
:10A5C0004D684563026230BD000001400004014057
:10A5D00030B5026A056A25F0100505624368846992
:10A5E00024F4E04424F440740D6844EA052422F085
:10A5F00020028D6842EA0512124DA84200D103E004
:10A60000114DA84207D100BF22F08002CD6842EA76
:10A61000051222F040020B4DA84202D00A4DA8427A
:10A6200009D123F4806323F400634D6943EA850371
:10A630008D6943EA8503436084614D6885630262E6
:10A6400030BD0000000001400004014030B5026A46
:10A65000056A25F4807505624368C46924F07004B6
:10A6600024F003040D682C4322F400728D6842EA42
:10A670000522124DA84200D103E0114DA84207D196
:10A6800000BF22F40062CD6842EA052222F4806213
:10A690000A4DA84202D00A4DA84209D123F48053A2
:10A6A00023F400534D6943EA05138D6943EA05130A
:10A6B0004360C4614D68C563026230BD0000014063
:10A6C0000004014030B5036A056A25F4805505622F
:10A6D0004468C26922F4E04222F440720D6842EA02
:10A6E000052223F400538D6843EA0533084DA84240
:10A6F00002D0084DA84204D124F480444D6944EAB4
:10A7000085144460C2614D680564036230BD000079
:10A7100000000140000401400368DB6A934202D25A
:10A720000368DB6A9AB231B1042907D0082908D03E
:10A730000C290CD108E003685A6308E003689A63A7
:10A7400005E00368DA6302E003681A6400BF00BF33
:10A75000704700000A2009F0B5F900200949087087
:10A76000094800F0D5FD00BF08480068401C0749B3
:10A7700008600749044800F091FD012009F0A2F9A2
:10A78000F2E7000078050020A8A400207C05002046
:10A79000FDA4002070B50446A56B0020E88528467E
:10A7A000FBF709FB70BD70B506460025B46B206849
:10A7B0004069C0F3C01594F84100212805D125B1A6
:10A7C0000020E084204600F0FBF820684069C0F3D8
:10A7D000801594F84200222805D125B10020E0859B
:10A7E000204600F0A7F8606C40F01000606420463E
:10A7F000FBF7E1FA70BD70B50546AC6B28680068E0
:10A8000000F48070002842D1E08500BF00BF2168BD
:10A810000C3151E8001F21F4807021680C3141E8AF
:10A820000002002AF3D100BF00BF00BF216814312D
:10A8300051E8001F21F001002168143141E80002B5
:10A84000002AF3D100BF00BF00BF2168143151E8D6
:10A85000001F21F040002168143141E80002002A65
:10A86000F3D100BF202084F84200206B01280ED1D4
:10A8700000BF00BF21680C3151E8001F21F010001B
:10A8800021680C3141E80002002AF3D100BF00200A
:10A890006063206B012804D1A18D2046FBF728FAC4
:10A8A00002E02046FBF702FE70BD70B50546AC6BBA
:10A8B00001206063206B012805D1A08D410820464E
:10A8C000FBF716FA02E02046FBF7F1FD70BD70B50C
:10A8D0000546AC6B2868006800F48070F8B9002069
:10A8E000E08400BF00BF2168143151E8001F21F04F
:10A8F00080002168143141E80002002AF3D100BF32
:10A9000000BF00BF21680C3151E8001F41F040003A
:10A9100021680C3141E80002002AF3D102E0204610
:10A92000FBF714FE70BD70B50446A56B2846FBF717
:10A930000EFE70BD00BF00BF02680C3252E8002F4F
:10A9400022F4907102680C3242E80013002BF3D11C
:10A9500000BF00BF00BF0268143252E8002F22F08F
:10A9600001010268143242E80013002BF3D100BF4A
:10A97000016B01290ED100BF00BF02680C3252E802
:10A98000002F22F0100102680C3242E80013002B65
:10A99000F3D100BF202180F84210002101637047ED
:10A9A00010B504462068C06820F040002168C860E7
:10A9B000202084F841002046FBF7C8FD002010BD90
:10A9C00000BF00BF02680C3252E8002F22F0C00125
:10A9D00002680C3242E80013002BF3D100BF2021A3
:10A9E00080F841107047F8B504460025002694F819
:10A9F0004200222873D1A068B0F5805F0BD1206996
:10AA000048B9A66A20684068C0F308003080A06A90
:10AA1000801CA06214E0A56AA068B0F5805F03D036
:10AA2000A06828B9206918B920684068287004E037
:10AA30002068406800F07F002870A06A401CA06277
:10AA4000E08D401E80B2E085002846D12068C068B5
:10AA500020F020002168C8602068C06820F4807061
:10AA60002168C8602068406920F0010021684861C1
:10AA7000202084F8420000206063206B012826D14A
:10AA80000020206300BF00BF21680C3151E8001F87
:10AA900021F0100021680C3141E80002002AF3D1B6
:10AAA00000BF2068006800F0100010280AD100BF25
:10AAB00000200090206800680090206840680090A6
:10AAC00000BF00BFA18D2046FBF712F902E020462F
:10AAD000FBF7ECFC0020F8BD01E00020FBE70220C2
:10AAE000F9E700002DE9F84F04462068006920F4DA
:10AAF0004050E1680843216808612169A068084363
:10AB000061690843E169084300902068C06849F220
:10AB10000C618843009908432168C8602068406937
:10AB200020F44070A1690843216848617649206893
:10AB3000884203D075492068884203D1FAF782F829
:10AB4000814602E0FAF76EF88146E069B0F5004F01
:10AB50006CD102206168A0FB015003461920A9FBBB
:10AB6000007001462A463846F6F783F96421B0FBA7
:10AB7000F1F04FEA001A02206168A0FB01510B4678
:10AB80001920A9FB00712A463846F6F772F9834668
:10AB900002206168A0FB015003461920A9FB007147
:10ABA0002A463846F6F765F96421B0FBF1F000EB70
:10ABB000C00101EB0010ABEB8000322101EBC000C3
:10ABC0006421B0FBF1F000F0F8000AEB400A02202B
:10ABD0006168A0FB015003461920A9FB00700146E3
:10ABE0002A463846F6F745F9834602206168A0FBFD
:10ABF000015003461920A9FB00712A463846F6F792
:10AC000038F96421B0FBF1F000EBC00101EB00105A
:10AC1000ABEB8000322101EBC0006421B0FBF1F00E
:10AC200000F007005044216888606AE004206168F1
:10AC3000A0FB015003461920A9FB007001462A46DB
:10AC40003846F6F716F9824604206168A0FB0150E9
:10AC500003461920A9FB007001462A463846F6F73C
:10AC600008F96421B0FBF1F000EBC00101EB00102A
:10AC7000AAEB8000322101EB00106421B0FBF1F05F
:10AC800000F0F00A04206168A0FB0170034619205F
:10AC9000A9FB00513A462846F6F7EBF86421B0FBD1
:10ACA000F1F00AEB001A04206168A0FB01510B4689
:10ACB0001920A9FB00712A463846F6F7DAF88346D0
:10ACC00004206168A0FB015003461920A9FB007015
:10ACD00001462A463846F6F7CCF86421B0FBF1F07D
:10ACE00000EBC00101EB0010ABEB8000322101EB67
:10ACF00000106421B0FBF1F000F00F005044216817
:10AD00008860BDE8F88F0000001001400014014089
:10AD100077B581B0044615460298A062A58500204B
:10AD20006064222084F842002C48E16BC8632C4800
:10AD3000E16B08642B48E16BC8640020E16B086597
:10AD400002AE32682368191D2B46E06BF8F756FCFB
:10AD500038B110206064202084F84200012004B043
:10AD600070BD00BF0020009020680068009020683F
:10AD70004068009000BF00BF206970B100BF00BFF5
:10AD800021680C3151E8001F41F4807021680C31BA
:10AD900041E80002002AF3D100BF00BF00BF2168D4
:10ADA000143151E8001F41F001002168143141E8DD
:10ADB0000002002AF3D100BF00BF00BF2168143198
:10ADC00051E8001F41F040002168143141E80002C1
:10ADD000002AF3D100BF0020C1E70000F7A7000858
:10ADE000ABA80008A7A70008014691F84100212858
:10ADF00028D18868B0F5805F0BD1086948B90A6A24
:10AE00001088C0F308000B685860086A801C08624C
:10AE100005E00B6A581C086218780B685860C88CEB
:10AE2000401E80B2C88458B90868C06820F080000D
:10AE30000B68D8600868C06840F040000B68D860B4
:10AE4000002070470220FCE738B5244800680068FD
:10AE500000F0100010283DD120480068C06800F0C4
:10AE60001000002836D01D480068006884B21B48D6
:10AE70000068406884B2601E84B200BF0020009069
:10AE80001648006800680090144800684068009008
:10AE900000BF00BF1148FAF72CFF1048C06B0068D4
:10AEA00040680F49088008460088C0F5A0700D4929
:10AEB00008600B480088C0F5A070312803D10A490A
:10AEC0000A48FBF7DFFB4FF4A07208490348FBF781
:10AED000D7FA00BF0148FAF76FFF38BD480B0020D2
:10AEE000980000209400002070A40020CCA4002032
:10AEF00008B549480068401C47490860F8F7ECFC71
:10AF00004649086046480068006800F0200060B1CB
:10AF100000BF002000904248006800680090404850
:10AF200000684068009000BF75E03E48006800F08F
:10AF3000100000286FD000BF002000903848006843
:10AF400000680090364800684068009000BF00BF6D
:10AF500035480068006800F4002070BB3248006883
:10AF6000006820F001003049096808602E48006838
:10AF70004068C0F124002D49088024202A4909682E
:10AF8000486029480068006840F4002026490968A4
:10AF9000086025480068006840F0010022490968FF
:10AFA000086022480088122835D12149214807F03D
:10AFB000C5F9002004F000FB2DE0FFE71A48006807
:10AFC000006820F001001849096808601648006808
:10AFD0004068C0F1240015490880242012490968FE
:10AFE00048601548806A20F40020134988620E48A2
:10AFF0000068006840F001000B49096808600B48D0
:10B000000088122807D10A490A48243007F096F927
:10B01000002004F0D1FA08BDC8050020C4050020B6
:10B02000900B002000480040E00C0020E4050020C8
:10B0300028A7002074A700200060024010B5024835
:10B04000FAF7BAFE10BD0000D80B002010B5044678
:10B0500004B910BDA520207088480078617860F39D
:10B060000101617085484078617860F38301617007
:10B0700082488078617860F3051161707F48C078FC
:10B08000617860F3871161707C480079A17860F382
:10B090000101A17079484079A17860F38301A17022
:10B0A00076488079A17860F30511A170744890F812
:10B0B0002E00A17860F38611A170714890F82C00E1
:10B0C000A17860F3C711A1706E48008824F8030FBF
:10B0D0006C48408860806B488088A0806948C08840
:10B0E000E08069484069A0606848806FE06065481A
:10B0F000B0F9140000EE100AB8EEC00A10EE100A03
:10B1000020616048B0F9160000EE100AB8EEC00ADF
:10B1100010EE100A6061E41E5A4890F8220008B14F
:10B12000012000E00020E17E60F30001E176554857
:10B1300090F8230008B1012000E00020E17E60F3D8
:10B140004101E1764F4890F8240008B1012000E069
:10B150000020E17E60F38201E1764A4890F8250004
:10B1600008B1012000E00020E17E60F3C301E17638
:10B17000444890F8260008B1012000E00020E17E5C
:10B1800060F30411E1763F4890F8420008B10120D5
:10B1900000E00020E17E60F34511E176394890F847
:10B1A000290008B1012000E00020E17E60F3861153
:10B1B000E176344890F82C0008B1012000E000202E
:10B1C00014F81B1F60F3C71121702E48817A607834
:10B1D00061F3010060702B48C17A607861F38300ED
:10B1E0006070F8F779FBC4F80200FBF70FFBA17958
:10B1F00060F30001A17107F04FFB0146A07961F3F4
:10B20000C300A07107F06EFBA17960F30411A17176
:10B210001B3C1A480079042806D094F8210020F03D
:10B22000040084F8210006E094F8210020F00400D6
:10B23000001D84F82100124890F8380014F8211FEE
:10B2400060F34511217012480178207861F386106F
:10B25000207010480178207861F3C71004F82109A4
:10B260000D48017A2220005D61F30000222108557B
:10B27000AA2084F8230000BFEBE600009806002017
:10B28000BCA7002028A7002024A50020F8A20020A9
:10B29000A4060020A506002020A6002070B50446C4
:10B2A0000D4604B970BD2046FFF7D0FE14F8030B1D
:10B2B000ED1C05F8030C34F8020C25F8020C20886C
:10B2C000288060886880A088A880E088E880A068DE
:10B2D000A860E068E8602069286160696861207E94
:10B2E0002876607E6876D4F81A00C5F81A00E08BDC
:10B2F000E88394F82000E41E85F82000ED1E242247
:10B3000029460248FBF7D4F800BFCBE7480B0020E2
:10B3100010B5044604B910BD24212046F5F75AFEA5
:10B32000A07820F080008030A07000BFF3E770B5F7
:10B33000D0F8C822D0F8D43200EB8303D3F8C0325F
:10B34000002B28D001F00F0C0CEB8C0400EB8405D3
:10B3500000266C6954B10CEBCC0C02EB8C02D2F8D9
:10B360001CC0B4FBFCF20CFB1242B2B1C3F8146275
:10B37000D0F8D42200EB8200D0F8C402D0F810C07C
:10B38000BCF1000F05D00A4603F50471D3F808029A
:10B39000E047002070BD032070BD6E6100231A4697
:10B3A00000F0AFFFF5E770B50446D4F8D40204EB23
:10B3B0008000D0F8C052002D12D0204600F02FFEA1
:10B3C000C5F80C02D4F8D412D5F8040204EB8101BC
:10B3D000D1F8C412CA6805F503719047002070BD0A
:10B3E000032070BD70B50446234D2046297800F037
:10B3F00018FD2878002600F00F0000EB800004EB19
:10B40000800080F823606978204600F00AFD6878A3
:10B4100000F00F0000EB800004EB800080F8636117
:10B42000A978204600F0FDFCA87800F00F0000EBA2
:10B43000800004EB800080F82360C661D4F8D40259
:10B4400004EB8000D0F8C01299B1D0F8C402406873
:10B450008047D4F8D40204EB8000D0F8C00201F099
:10B46000F5F9D4F8D40204EB8000C0F8C062C4F847
:10B47000BC62002070BD0000E805002010B5D0F8C7
:10B48000D41200EB8100D0F8C042002C10D0D0F8CC
:10B49000C41259B194F80002FF2807D08B6894F8C1
:10B4A000012221469847FF2084F80002002010BDA9
:10B4B000032010BD0A21018000487047EC050020E0
:10B4C00070B5064682210C4800F0F6FB05460121C6
:10B4D000094800F0F1FB04468121074800F0ECFB2D
:10B4E0000DB11021A971402104B1A18000B181806A
:10B4F00043203080004870BDF805002070B5064636
:10B5000082210D4800F0D8FB054601210A4800F0D1
:10B51000D3FB04468121084800F0CEFB0DB1102179
:10B52000A9714FF4007104B1A18000B18180432062
:10B530003080014870BD0000F805002070B5064657
:10B5400082210C4800F0B8FB05460121094800F0B3
:10B55000B3FB04468121074800F0AEFB0DB110217A
:10B56000A971402104B1A18000B1818043203080C5
:10B57000004870BDF80500202DE9F04704464FF45F
:10B58000077001F065F905464FF00008002D65D001
:10B590004FF407712846F5F73FFDD4F8D40204EBC9
:10B5A0008000C0F8C052C4F8BC52207C01274A4E2B
:10B5B0004FF0100900285AD040230222317820464B
:10B5C00000F0B0FD307800F00F0000EB800004EBDD
:10B5D000800080F82370402302227178204600F01A
:10B5E000A1FD707800F00F0000EB800004EB8000FC
:10B5F00080F86371B07800F00F0000EB800004EB7E
:10B600008000C0F81C9008230322B178204600F087
:10B6100089FDB07800F00F0000EB800004EB8000A3
:10B6200080F82370C5F80482D4F8D40204EB8000BB
:10B63000D0F8C40200688047C5F81482C5F81882A3
:10B64000D5F80422002A3DD0207CD0B34023717865
:10B65000204600F07FFD0020BDE8F087D4F8D4023A
:10B6600004EB8000C0F8C0820220BDE8F0874FF4F0
:10B67000007302223178204600F054FD307800F04B
:10B680000F0000EB800004EB800080F823704FF483
:10B69000007302227178204600F044FD707800F0BB
:10B6A0000F0000EB800004EB800080F86371B0783D
:10B6B00000F00F0000EB800004EB8000C0F81C904D
:10B6C000A1E702E00220BDE8F0874FF40073717833
:10B6D000204600F03FFDBEE7E805002010B5D0F899
:10B6E000D41200EB8101D1F8C01200290CD0027CE9
:10B6F000DFF82CC052B1D1F8042240239CF801108D
:10B7000000F028FD002010BD032010BDD1F8042258
:10B710004FF400739CF8011000F01CFDF2E70000EC
:10B72000E8050020002907D0D0F8D42200EB8200E1
:10B73000C0F8C4120020704703207047D0F8D4220C
:10B7400000EB8200D0F8C002002803D0C0F8041239
:10B750000020704703207047D0F8D43200EB8300FC
:10B76000D0F8C002002805D0C0F80812C0F8102296
:10B770000020704703207047F0B583B006460C46A2
:10B78000D6F8D40206EB8000D0F8C07200210291F6
:10B7900001910025002F0DD0217811F060023BD0DF
:10B7A000202A0AD02146304600F0C9F8032503B00C
:10B7B0002846F0BD03B00320F0BDE28812B311F0BB
:10B7C000800F10D0D0F8C40294F801C039468368C5
:10B7D00060469847E288072A00D907223946304652
:10B7E00000F0D5F8E3E7607887F80002E0884028A9
:10B7F00000D34020C2B287F801223946304600F01B
:10B80000AAF8D4E7D0F8C40294F801C000228368F3
:10B81000214660469847CAE7607858B10128C6D0EB
:10B820000A2817D00B2825D02146304600F087F88B
:10B830000325BCE796F89C02032805D02146304634
:10B8400000F07DF80325B2E7022201A9304600F09E
:10B850009EF8ACE796F89C02032805D021463046B6
:10B8600000F06DF80325A2E7012202A9304600F09E
:10B870008EF89CE796F89C02032898D02146304623
:10B8800000F05DF8032592E710B5D0F8D41200EB74
:10B890008101D1F8C0220121002A03D0D2F814324C
:10B8A00013B117E0032010BD0121C2F814120A4998
:10B8B000D2F810C2097801F00F0303EB830300EB09
:10B8C0008303C3F814C0D2F81032D2F8082200F073
:10B8D00018FD0021084610BDE805002010B5002421
:10B8E000D0F8B8225268904700B10324204610BD1A
:10B8F00090F89C22012A05D0022A03D0032A01D005
:10B9000000F01DB84988012904D10021C0F8A41213
:10B9100000F04BB87047002070470020704710B50A
:10B9200013460A46002100F015FC002010BD10B59A
:10B9300013460A46002100F0E4FC002010BD10B5BB
:10B9400004468021204600F0ADFC2046BDE81040B2
:10B95000002100F0A7BC10B50323C0F89432C0F852
:10B960005421C0F86411C0F8582113460A4600213A
:10B9700000F0F0FB002010BD10B50521C0F89412B6
:10B9800000231A46194600F0E5FB002010BD10B553
:10B990000223C0F8943242614162826113460A4632
:10B9A000002100F0AEFC002010BD10B50421C0F84D
:10B9B000941200231A46194600F0A3FC002010BD83
:10B9C00070B505460C462DB92246064906A000F082
:10B9D000BFF904E02246034903A000F0B9F9014889
:10B9E00070BD0000E017002043444320436F6E66A3
:10B9F0006967000002461220088001487047000075
:10BA00004C00002070B505460C462DB9224606496B
:10BA100006A000F09DF904E02246034903A000F0CF
:10BA200097F9014870BD0000E0170020434443200F
:10BA3000496E746572666163650000000246042009
:10BA400008800148704700006000002070B505467E
:10BA50000C462246024903A000F07AF9004870BD66
:10BA6000E017002053544D6963726F656C65637411
:10BA7000726F6E696373000070B505460C462DB990
:10BA80002246064906A000F063F904E02246034975
:10BA900003A000F05DF9014870BD0000E017002030
:10BAA00053544D3332205669727475616C20436F64
:10BAB0006D506F727400000070B505460C461A2078
:10BAC0002080F6F709FE014870BD000064000020E8
:10BAD000CA88012A01D0FFF732BF90F89C22012AC0
:10BAE00005D0022A03D0032A08D0FFF728BF00217F
:10BAF0008160012200F10801FFF749BF0122011D09
:10BB0000FFF745BF2DE9F84304460F46002000909B
:10BB1000002600257888010A082970D2DFE801F0A4
:10BB2000AB040C22ABAB8B9AD4F8B412207C0A681D
:10BB3000694690470646A3E0207C4FF0020840B1DA
:10BB4000D4F8B802C16A68468847064686F801807C
:10BB500096E0D4F8B802816A68468847064686F8B7
:10BB600001808DE0C0B206285FD2DFE800F003124A
:10BB700021303F4FD4F8B402426822B1207C69469C
:10BB8000904706467CE039462046FFF7D8FE01255F
:10BB900076E0D4F8B402826822B1207C69469047EE
:10BBA00006466DE039462046FFF7C9FE012567E0ED
:10BBB000D4F8B402C26822B1207C69469047064698
:10BBC0005EE039462046FFF7BAFE012558E0D4F87A
:10BBD000B402026922B1207C6946904706464FE0D4
:10BBE00039462046FFF7ABFE012549E0D4F8B40200
:10BBF00042692AB1207C69469047064640E03AE017
:10BC000039462046FFF79BFE012539E0D4F8B402FF
:10BC1000826922B1207C69469047064630E0394669
:10BC20002046FFF78CFE01252AE039462046FFF723
:10BC300086FE012524E0207C28B139462046FFF706
:10BC40007EFE01251CE0D4F8B802416B68468847A7
:10BC5000064615E0207C28B139462046FFF76FFEE6
:10BC600001250DE0D4F8B802016B68468847064606
:10BC70000721717004E039462046FFF760FE012578
:10BC8000002D0CD1FA8892B1BDF8000048B1824273
:10BC900000D90246009231462046FFF778FEBDE803
:10BCA000F88339462046FFF74AFEBDE8F883204670
:10BCB000FFF77BFEBDE8F88378B50E460546002405
:10BCC0006A88297828468A4212D900918A420FD977
:10BCD000694600F01BF84178052904D10446A17893
:10BCE000B14205D000246988BDF800209142EFD808
:10BCF000204678BD00210278002A05D0491CC9B22F
:10BD0000401C0278002AF9D1084670470A88037857
:10BD10001A440A8001780844704790F89C22012A4E
:10BD200005D0022A03D0032A01D0FFF708BECA8833
:10BD3000022A01D0FFF703BE0121C160D0F8A4128E
:10BD400009B10321C160022200F10C01FFF71FBEFF
:10BD500070B50D461646002825D004462046FFF74C
:10BD6000C9FF022101EB4000B0F5007F01D90802B4
:10BD700004E02046FFF7BEFF4000801C3080307892
:10BD80002870032068700220217800290BD0002140
:10BD900022782A54641C401CC0B22954401CC0B2F2
:10BDA0002278002AF4D170BD0146002031B101296A
:10BDB00006D0022906D0032908D105E0002007E0BB
:10BDC000032005E0012003E0032001E0032000BF81
:10BDD00000BF704700280FD00023C0F8B832C0F869
:10BDE000C432C0F8D03209B1C0F8B412012180F8D1
:10BDF0009C12027000F01CB9032070472DE9F0413D
:10BE000004460D46002600272946D4F8C802F7F755
:10BE10002EFF06463046FFF7C7FF07463846BDE807
:10BE2000F0812DE9F04104460D4600260027294601
:10BE3000D4F8C802F7F7E6FE06463046FFF7B4FF2F
:10BE400007463846BDE8F08170B504460B46002B26
:10BE500009D043F080012046FFF75DFDFF2862D046
:10BE6000002850D05FE004F11400D4F894120025AB
:10BE700002293FD1818942688A4210D9511A416012
:10BE8000828901691144016142682046FFF74FFD34
:10BE900000231A461946204600F05CF92AE0914238
:10BEA00014D10068884211D3D4F8981288420DD278
:10BEB000002211462046FFF73AFDC4F898520023AD
:10BEC0001A461946204600F045F913E094F89C0202
:10BED000032808D1D4F8B802C16821B1C4F8D452FB
:10BEE000C168204688478021204600F0DBF92046C3
:10BEF000FFF742FD94F8A00220B1204600F04FFA6F
:10BF000084F8A0520FE094F89C1203290BD1D4F8C6
:10BF1000B822516939B1C4F8D40252691946204691
:10BF20009047002800D1002070BD70B504460B4634
:10BF30000025002B09D003F07F012046FFF7EBFC22
:10BF4000FF2858D0002844D055E004F5AA70D4F852
:10BF5000941203294FD1818942688A420ED9511A1D
:10BF6000416082890169114401614268808982428D
:10BF700000D802462046FFF7D2FC3CE094F8AA0223
:10BF800010F01F0006D0012806D002280AD0002099
:10BF900070B11AE00020FBE794F8AE122046FFF7DC
:10BFA000BCFCF5E794F8AE122046FFF7B4FCEFE7CF
:10BFB00094F89C12032908D1D4F8B8120A6922B166
:10BFC000C4F8D4020969204688472046FFF7EDFCF3
:10BFD00011E094F89C1203290AD1D4F8B82291698F
:10BFE00031B1C4F8D40292691946204690470546FB
:10BFF0000DB1284670BD002070BD0020704710B5FF
:10C000000024012180F89C12D0F8B822002A04D024
:10C0100052680179904700B10324204610BD70B5E5
:10C0200004460D462946D4F8C802F7F75EFE70BDF7
:10C0300010B50446207800282AD11648C0F8E044FC
:10C04000C4F8C8024FF0A0401249086004200871EB
:10C0500002211048C1710021817102214172002129
:10C060008172C17201738173C173F8F793FA08B1D9
:10C07000F6F7A9FA80210748F7F749FD4022002189
:10C080000448F7F749FD802201210248F7F744FDF3
:10C09000002010BDDC10002010B50246D2F8C832D6
:10C0A00001F08000802809D101F07F0000EBC0047E
:10C0B00003F1140000EB8400807810BD01F07F00D4
:10C0C00000EBC00403F5157000EB84008078F4E702
:10C0D00010B5D0F8D42200EB8202D2F8B822002AA0
:10C0E00004D090F89C32032B02D004E0032010BD52
:10C0F000126A02B19047002010BD10B5D0F8D422CA
:10C1000000EB8202D2F8B822002A04D090F89C32C8
:10C11000032B02D004E0032010BD526A02B1904705
:10C12000002010BD2DE9F04704460F4615461E4677
:10C130004FF00008C1462B4632463946D4F8C802B3
:10C14000F7F7DEFD80464046FFF72EFE8146484663
:10C15000BDE8F0872DE9F04704460D4616461F4618
:10C160004FF00008C1463B4632462946D4F8C80283
:10C17000F7F70DFE80464046FFF716FE814648461B
:10C18000BDE8F0872DE9F04104460025012684F83A
:10C190009C620020C4F894026060C4F8A40284F891
:10C1A000A002D4F8B802002806D0426822B10021CB
:10C1B0002046904700B10325002240231146204627
:10C1C000FFF7B0FF84F863614027A4F86071402353
:10C1D000002280212046FFF7A5FF84F823602784F2
:10C1E0002846BDE8F08190F89C12042903D190F80C
:10C1F0009D1280F89C120020704710B590F89C1298
:10C20000032905D1D0F8B81211B1C96901B1884725
:10C21000002010BD0174002070472DE9F041044654
:10C220000D46002600272946D4F8C802F8F7DCFAA4
:10C2300006463046FFF7B8FD07463846BDE8F081B0
:10C2400010B5044604F2AA2000F073F80120C4F8E7
:10C250009402B4F8B002C4F8980294F8AA1211F04B
:10C260001F000AD001280FD0022814D02046BDE8B4
:10C27000104001F0800100F015B804F2AA21204618
:10C28000BDE8104000F046B904F2AA212046BDE8FE
:10C29000104000F094BA04F2AA212046BDE81040F4
:10C2A00000F073B92DE9F04104460D460026002741
:10C2B0002946D4F8C802F7F78DFD06463046FFF749
:10C2C00073FD07463846BDE8F08170B50446002589
:10C2D0000026D4F8C802F8F7AAFA05462846FFF760
:10C2E00063FD0646304670BD90F89C12042903D0C9
:10C2F00090F89C1280F89D12042180F89C12002076
:10C3000070472DE9F04704460D4616461F464FF08C
:10C310000008C1463B4632462946D4F8C802F7F722
:10C320009EFD80464046FFF73FFD81464846BDE8FA
:10C33000F0870A780270491C0A784270491C0A7812
:10C340004B1C1B7842EA03224280891C0A784B1C52
:10C350001B7842EA032282808A78C97842EA012166
:10C36000C180704738B5044600200090002914D0E1
:10C37000C4F8B812D4F8D40204EB8000D0F8B802A4
:10C38000C16A19B168468847C4F8D002D4F8D80207
:10C39000401CC4F8D802002038BD032038BD00205E
:10C3A000704770B504468888002821D1C888F8B93C
:10C3B000488880281CD200F07F0594F89C0203284E
:10C3C0000DD084F89E5229462046FFF726FF2046CE
:10C3D000FFF7EBFA45B1022084F89C0270BD2046BD
:10C3E000BDE87040FFF7ABBA012084F89C0270BD35
:10C3F0002046BDE87040FFF7A2BA03460020D3F8FC
:10C40000B822002A02D01268184610477047000070
:10C410002DE9F04104460F460025334EB9783170BE
:10C42000012906D939462046FFF789FA0320BDE8DD
:10C43000F08194F89C024FF0020802280DD00328E6
:10C4400025D039462046FFF77AFA31782046FFF7A3
:10C4500045FA03252846BDE8F081A1B16160204678
:10C46000FFF7CBFF0546280006D039462046FFF7E8
:10C4700066FA84F89C82EDE72046FFF796FA0320DF
:10C4800084F89C02E6E72046FFF78FFAE2E7C9B19D
:10C490006068884224D0C1B22046FFF71FFA317885
:10C4A00061602046FFF7A9FF0546280014D03946F1
:10C4B0002046FFF744FA21792046FFF70FFA84F867
:10C4C0009C82C7E784F89C8261602046FFF706FAE9
:10C4D0002046FFF76AFABDE72046FFF766FAB9E79C
:10C4E0002046FFF762FAB5E7E70500204A88012AEF
:10C4F00003D0022A06D0FFF722BA0121C0F8A41205
:10C50000FFF753BA8988090A80F8A012FFF74DBADD
:10C51000FFF7DBBE10B500240A7812F0600211D0DC
:10C52000202A05D0402A03D0FFF709FA204610BD83
:10C53000D0F8D42200EB8202D2F8B8229268904759
:10C540000446F3E74A780A2A1CD2DFE802F0121800
:10C550001B151B08051B0F0BFFF7D4FAE6E7FFF7C7
:10C5600020FFE3E7FFF754FF0446DFE7FFF7B0FAE9
:10C57000DCE7FFF7D2FBD9E7FFF7B8FFD6E7FFF715
:10C58000B7F9D3E7FFF7DBF9D0E72DE9F04105462E
:10C590000E4600273479307810F060001ED0202835
:10C5A00008D0402806D031462846FFF7C8F938465B
:10C5B000BDE8F08121462846FFF7ADF9FF28F6D007
:10C5C0000028F4D1C5F8D402D5F8B8028268002A50
:10C5D000EDD03146284690470746E8E770780028B6
:10C5E00072D0012831D0032804D031462846FFF705
:10C5F000A6F9DCE795F89C02022806D0032815D09E
:10C6000031462846FFF79BF9D1E754B1802C08D07A
:10C6100021462846FFF746FE80212846FFF742FEC6
:10C62000C5E731462846FFF78AF9C0E7708840B968
:10C630003CB1802C05D0F08818B921462846FFF778
:10C6400031FE2846FFF7B1F9B1E795F89C020228C0
:10C6500006D0032815D031462846FFF770F9A6E723
:10C6600054B1802C08D021462846FFF71BFE8021BC
:10C670002846FFF717FE9AE731462846FFF75FF98D
:10C6800095E77088002892D114F07F0F03D02146DF
:10C690002846FFF7B3FB2846FFF787F921462846CF
:10C6A000FFF739F9FF2882D0002880D1C5F8D402DD
:10C6B000D5F8B8028268002A3FF479AF314628469F
:10C6C0009047074673E7FFE795F89C024FF0000894
:10C6D000022806D0032828D031462846FFF72FF934
:10C6E00065E734B1802C04D031462846FFF727F99E
:10C6F0005DE714F0800F07D004F07F0000EB8000AE
:10C7000005EB8000143007E004F07F0000EB8000B0
:10C7100005EB800000F5AA7080F80E8000F10E0194
:10C7200002222846FFF733F941E714F0800F0DD0BD
:10C7300004F00F0000EB800005EB800090F8230070
:10C7400068B931462846FFF7FAF830E704F00F00E1
:10C7500000EB800005EB800090F8630158B114F005
:10C76000800F0DD004F07F0000EB800005EB80000F
:10C7700000F114060CE031462846FFF7E0F816E712
:10C7800004F07F0000EB800005EB800000F5AA7646
:10C790004CB1802C07D021462846FFF77DFC28B1FC
:10C7A0000120B07304E086F80E8001E086F80E8068
:10C7B000022206F10E012846FFF7E9F8F7E670B508
:10C7C00005460E460024307810F0600009D020287D
:10C7D00007D0402805D031462846FFF7B0F820465C
:10C7E00070BD95F89C02012808D0022806D00328C5
:10C7F00004D031462846FFF7A2F8F0E7B088C1B26E
:10C8000001291ED8C1B22846FFF787F8FF2800D0BB
:10C8100048B10324F0880028E1D1002CDFD128465C
:10C82000FFF7C3F8DBE7D5F8B8128A683AB1C5F864
:10C83000D4028A683146284690470446EAE7032432
:10C84000E8E731462846FFF77AF8C8E77047000066
:10C850000146014870470000C015002070B504462D
:10C860000B4622461978587801282CD140F61C0036
:10C8700080581D7805F00F060125B540ADB228435C
:10C8800040F61C05A85002F5106000EB411000684E
:10C8900000F40040F0BB1889C0F30A001D7940EA9B
:10C8A000854040EA815040F0805040F4004002F55D
:10C8B000106505EB41152D68284302F5106505EB61
:10C8C000411528602DE040F61C0080581D7805F0C9
:10C8D0000F060125B540144E06EA0545284340F6EB
:10C8E0001C05A85002F5306000EB4110006800F410
:10C8F000004078B91889C0F30A001D7940EA8540E4
:10C9000040F0805040F4004002F5306505EB4115E1
:10C910002D6800E005E0284302F5306505EB411580
:10C920002860002070BD00000000FFFF01460A469D
:10C930004FF410608058C30ADB024FF4106083503C
:10C9400040F60400805840F4807340F604008350A1
:10C95000002070470FB470B504469DF819000128F7
:10C9600018D1A06B20F48030A063E0681B49084018
:10C97000E060E06820F44010E0609DF820000128AD
:10C9800003D1E06840F48010E060204600F028F811
:10C99000054613E0E06840F04000E060204600F00B
:10C9A0001FF805469DF81D0020B9A06B40F48030AB
:10C9B000A06303E0A06B20F48030A0639DF8160014
:10C9C000012807D1A06840F00600A060A06840F0F0
:10C9D0002000A060284670BC5DF814FBBFFFBDFFBF
:10C9E00008B501460020009000BF0098401C009050
:10C9F0000098B0F1706F01D9032008BD086900F0FC
:10CA000000400028F1D00A20009002E00098401E6B
:10CA1000009000980028F9D1086940F001000861F1
:10CA200000BF0098401C00900098B0F1706F01D9D1
:10CA30000320E2E7086900F001000028F1D100BFFF
:10CA4000DBE7000070B504460B462246197858789B
:10CA5000012848D102F5106000EB4110006800F099
:10CA60000040B0F1004F17D102F5106000EB41100B
:10CA7000006840F0006502F5106000EB41100560B1
:10CA800002F5106000EB4110006840F0804502F5AF
:10CA9000106000EB4110056040F63C0080581D78A6
:10CAA00005F00F060125B540ADB2A84340F63C05A0
:10CAB000A85040F61C0080581D7805F00F0601258F
:10CAC000B540ADB2A84340F61C05A85002F5106071
:10CAD00000EB411000682B4D284002F5106505EB76
:10CAE000411528604BE002F5306000EB4110006812
:10CAF00000F00040B0F1004F17D102F5306000EBBC
:10CB00004110006840F0006502F5306000EB411014
:10CB1000056002F5306000EB4110006840F0804590
:10CB200002F5306000EB4110056040F63C00805893
:10CB30001D7805F00F060125B540134E06EA0545A0
:10CB4000A84340F63C05A85040F61C0085581878CC
:10CB500000F00F060120B0400B4E06EA004085436E
:10CB600040F61C00855002F5306000EB4110006873
:10CB7000064D284002F5306505EB41152860002080
:10CB800070BD0000007833EC0000FFFF0078F3EF89
:10CB900001460A46D2F8000E20F00300C2F8000E4B
:10CBA00040F60400805820F0020340F60400835051
:10CBB0000020704701460A46D2F8000E20F003001C
:10CBC000C2F8000E40F60400805840F0020340F620
:10CBD00004008350002070470FB4F0B505460027CD
:10CBE0002E46002405E0002105F5827040F824104F
:10CBF000641C0F2CF7D39DF82200A0B940F6040066
:10CC0000805940F0020140F604008151A86B40F4C5
:10CC10000010A863A86B20F40020A863A86B20F480
:10CC20008020A86307E0A86B20F40010A863A86B1D
:10CC300040F40020A8630020C6F8000E9DF81D00F7
:10CC400001280CD19DF81B0020B90021284600F0D6
:10CC50000AFD08E00121284600F005FD03E003215C
:10CC6000284600F000FD1021284600F002FC00B12B
:10CC70000127284600F0D5FB00B1012700214FF421
:10CC800001608151001D815140F61C00815100243A
:10CC90002EE006F5106000EB4410006800F0004044
:10CCA000B0F1004F10D13CB94FF0006106F51060B3
:10CCB00000EB441001600DE04FF0904106F510606C
:10CCC00000EB4410016005E0002106F5106000EB68
:10CCD00044100160002106F5106000EB4410016172
:10CCE0004FF67F3106F5106000EB44108160641C44
:10CCF0009DF81800A042CCD800242EE006F5306044
:10CD000000EB4410006800F00040B0F1004F10D17B
:10CD10003CB94FF0006106F5306000EB4410016053
:10CD20000DE04FF0904106F5306000EB44100160DB
:10CD300005E0002106F5306000EB441001600021A1
:10CD400006F5306000EB441001614FF67F3106F5C7
:10CD5000306000EB44108160641C9DF81800A04214
:10CD6000CCD84FF40160805920F480714FF40160F9
:10CD700081510020A8616FF0804068619DF81A0021
:10CD800018B9A86940F01000A861A8690A490843C9
:10CD9000A8619DF81E0018B1A86940F00800A861BC
:10CDA0009DF82200012803D1A86904490843A8611D
:10CDB0003846F0BC5DF814FB00383C8004000040AD
:10CDC0000146886820F0010088600020704700005C
:10CDD00070B503460C4619461D6C1848854209D9A2
:10CDE0004FF43060405800F00040B0F1004F01D1E6
:10CDF000002070BD0026C1F8106BD1F8100B40F474
:10CE00000026C1F8106BD1F8100B40F01806C1F8DD
:10CE1000106BD1F8100B40F0C046C1F8106B012C1C
:10CE200009D1C1F8142B4FF43060405840F08026EF
:10CE30004FF4306046500020DBE700000A30544FCA
:10CE400030B504460B4622461978587801281ED181
:10CE500002F5106000EB4110006820F4001502F5A7
:10CE6000106000EB411005601879032802D0187992
:10CE700002282AD102F5106000EB4110006840F052
:10CE8000805502F5106000EB411005601DE002F5D1
:10CE9000306000EB4110006820F4001502F53060AE
:10CEA00000EB411005601879032802D01879022898
:10CEB0000BD102F5306000EB4110006840F0805566
:10CEC00002F5306000EB41100560002030BD30B548
:10CED00004460B46224619785878012821D102F5DC
:10CEE000106000EB4110006800F0004060B959B1DB
:10CEF00002F5106000EB4110006820F0804502F55B
:10CF0000106000EB4110056002F5106000EB41106D
:10CF1000006840F4001502F5106000EB4110056058
:10CF200020E002F5306000EB4110006800F00040A6
:10CF300060B959B102F5306000EB4110006820F093
:10CF4000804502F5306000EB4110056002F530606D
:10CF500000EB4110006840F4001502F5306000EB72
:10CF600041100560002030BD2DE9F84381460E4692
:10CF700090464D463478707801287DD1306920BBC9
:10CF800005F5106000EB44100069E649084005F51E
:10CF9000106101EB4411086105F5106000EB4410CD
:10CFA000006940F4002105F5106000EB44100161B8
:10CFB00005F5106000EB44100069C10CC90405F5CB
:10CFC000106000EB441001616FE005F5106000EBAC
:10CFD00044100069C10CC90405F5106000EB441051
:10CFE000016105F5106000EB44100069CD4908406F
:10CFF00005F5106101EB4411086194B9B16830691D
:10D00000884201D9B068306105F5106000EB44102A
:10D01000006940F4002105F5106000EB4410016147
:10D0200035E0B16830690844401EB0FBF1F087B2CA
:10D0300005F5106000EB44100069BA49C94301EAE4
:10D04000C741084305F5106101EB441108613079CF
:10D0500001281CD105F5106000EB4410006920F098
:10D06000C04105F5106000EB4410016105F510604A
:10D0700000EB4410006900E099E04FF0C04101EA84
:10D080004771084305F5106101EB4411086105F58E
:10D09000106000EB441000693169C1F312010843CC
:10D0A00005F5106101EB44110861B8F1010F36D1AB
:10D0B000F06928B105F5106000EB4410F169416199
:10D0C000307901281ED140F60800405900F48070E4
:10D0D00060B905F5106000EB4410006840F00051A5
:10D0E00005F5106000EB441001600BE005F51060E1
:10D0F00000EB4410006840F0805105F5106000EB33
:10D100004410016005F5106000EB4410006840F029
:10D11000044105F5106000EB44100160FEE005F5E8
:10D12000106000EB4410006840F0044105F5106009
:10D1300000EB44100160307901280FD030690028DD
:10D14000ECD040F634004059317801F00F02012153
:10D150009140084340F634014851DFE040F60800B2
:10D16000405900F4807060B905F5106000EB441080
:10D17000006840F0005105F5106000EB44100160BC
:10D180000BE005F5106000EB4410006840F08051A2
:10D1900005F5106000EB44100160CDF80080308A86
:10D1A00083B232784846F16800F0DAFAB6E005F565
:10D1B000306000EB44100069C10CC90405F5306013
:10D1C00000EB4410016105F5306000EB441000698C
:10D1D0005449084005F5306101EB4411086104BB76
:10D1E000306908B1B0683061B068306205F5306010
:10D1F00000EB44100069316AC1F31201084305F5E0
:10D20000306101EB4411086105F5306000EB44101A
:10D21000006940F4002105F5306000EB4410016125
:10D2200043E03069D0B905F5306000EB4410006987
:10D23000B168C1F31201084305F5306101EB4411F7
:10D24000086105F5306000EB4410006940F40021EE
:10D2500005F5306000EB4410016126E0B1683069EB
:10D260000844401EB0FBF1F087B2B06878433062EA
:10D2700005F5306000EB441000692A49C94301EA12
:10D28000C741084305F5306101EB4411086105F51C
:10D29000306000EB44100069316AC1F312010843A9
:10D2A00005F5306101EB44110861B8F1010F07D1B8
:10D2B000F06828B105F5306000EB4410F168416179
:10D2C000307901281ED140F60800405900F48070E2
:10D2D00060B905F5306000EB4410006840F0005183
:10D2E00005F5306000EB441001600BE005F530609F
:10D2F00000EB4410006840F0805105F5306000EB11
:10D300004410016005F5306000EB4410006840F007
:10D31000044105F5306000EB441001600020BDE8D9
:10D32000F8830000FFFF07E078B50346002400946F
:10D3300000201A464C78012C35D10C7802F5106586
:10D3400005EB4414246804F00044B4F1004F60D1AC
:10D350000C7805EB4414246844F000660C7805EB67
:10D36000441426600C7805EB4414246844F080468D
:10D370000C7805EB4414266000BF009C641C0094EC
:10D3800042F21075009CAC4201D901200AE00C78F1
:10D3900002F5106505EB4414246804F00044B4F170
:10D3A000004FEAD035E00C7802F5306505EB441407
:10D3B000246804F00044B4F1004F2AD10C7805EB46
:10D3C0004414246844F000660C7805EB441426608D
:10D3D0000C7805EB4414246844F080460C7805EB87
:10D3E0004414266000BF009C641C009442F2107537
:10D3F000009CAC4201D901200AE00C7802F53065AE
:10D4000005EB4414246804F00044B4F1004FEAD062
:10D4100000BF78BD0146886840F0010088600020A8
:10D42000704708B501460020009000BF0098401CDE
:10D4300000900098B0F1706F01D9032008BD086911
:10D4400000F000400028F1D000200090102008617A
:10D4500000BF0098401C00900098B0F1706F01D997
:10D460000320EBE7086900F010001028F1D000203D
:10D47000E4E708B502460020009000BF0098401C79
:10D4800000900098B0F1706F01D9032008BD1069B9
:10D4900000F000400028F1D000200090202040EA59
:10D4A0008110106100BF0098401C00900098B0F1FE
:10D4B000706F01D90320E9E7106900F020002028EF
:10D4C000F1D00020E2E710B501460B4640F6080413
:10D4D000E45804F006020AB9002006E0022A01D04E
:10D4E000062A01D1022000E00F2010BD0146486944
:10D4F00000F00100704701460B4640F61800C25884
:10D50000001DC058024090B2704701460B4640F6DD
:10D510001800C258001DC0580240100C704770B56A
:10D52000024613464FF40166F45840F63406F558A7
:10D5300001F00F0625FA06F606F0010644EAC614C5
:10D5400003F5106606EB4116B66806EA040070BDE6
:10D5500010B50246134603F5306404EB4114A0688D
:10D5600040F61404E458204010BD014648698A6919
:10D57000104070472DE9F04104460D4627462846E5
:10D580004FEA920C02F0030300210AE04FF48058A6
:10D5900058F80780C0F80080401C401C401C401C0C
:10D5A000491C6145F2D39BB100214FF4805858F8D3
:10D5B000076000BF4FEAC10826FA08F880F800802B
:10D5C000491C401CA3F101081FFA88F3002BF1D17C
:10D5D000BDE8F08170B504460E460025E06820F0F5
:10D5E000C040E060012E10D1E06840F00050E060E3
:10D5F00000BF0A20F6F74CF80A352046FFF776FF01
:10D60000012815D0C82DF4D312E07EB9E06840F0AF
:10D610008040E06000BF0A20F6F73AF80A3520465D
:10D62000FFF764FF20B1C82DF5D301E0012070BDE4
:10D63000C82D01D10120FAE70020F8E710B5024615
:10D640000B461146D1F8000820F4FE60C1F800082E
:10D65000D1F800084FF4FE6404EA03142043C1F833
:10D660000008002010BD02461346D3F80008084306
:10D67000C3F800080020704730B503461446022C5A
:10D6800049D12D48814204D32C48814201D20F2236
:10D6900045E02A48814204D32948814201D20E2222
:10D6A0003DE02748814204D32648814201D20D2221
:10D6B00035E02448814204D32348814201D20C2220
:10D6C0002DE02148814204D32048814201D20B221F
:10D6D00025E01E48814204D31D48814201D20A221E
:10D6E0001DE01B48814204D31A48814201D209221D
:10D6F00015E01848814204D31748814201D208221C
:10D700000DE01548814204D31448814201D207221A
:10D7100005E0062203E00CB9092200E00922D868DE
:10D7200020F47050D860D8684FF4705505EA82250F
:10D730002843D860002030BDC0ACD800C0E1E40070
:10D740000024F40080730601A0491A01002D310164
:10D7500040A44C0100366E0120ABA6010048E80150
:10D760002DE9F04304460D461E46DDF81CC0A046D8
:10D770002946BCF1000F12D1F01C870800230CE0F1
:10D78000D1F8009008F5805000EB0230C0F800900E
:10D79000491C491C491C491C5B1CBB42F0D300209E
:10D7A000BDE8F08300BFFEE730B52DED108B97B0DC
:10D7B0000446B0EE408AF0EE608A84ED0D8AC4ED36
:10D7C000098A94ED090AD4ED120A30EE600AD4ED0C
:10D7D000050A80EE201A84ED111A94ED090AD4EDA1
:10D7E0000D0A30EE600A84ED0F0A94ED0A0A10EE7D
:10D7F000101A084608F00AF941EC190B94ED0F0ACB
:10D8000010EE101A084608F001F941EC1B0BB0EEBF
:10D810004B0AF0EE6B0A00F0BFFCB0EE40AAF0EE4F
:10D8200060AA53EC192B51EC1A0B07F0B5FA0AD287
:10D8300094ED080AD4ED060A94ED0F1A00EE810A61
:10D8400084ED080A03E09FED7A0A84ED080A94ED5E
:10D85000080AD4ED070AB4EEE00AF1EE10FA04DB90
:10D8600094ED070A84ED080A10E094ED080AD4ED5F
:10D87000070AF1EE600AB4EEE00AF1EE10FA05D8FC
:10D8800094ED070AB1EE400A84ED080A94ED0F0A00
:10D8900084ED130A94ED080A10EE101A084608F0F9
:10D8A000B5F841EC190B94ED030AD4ED130A20EE00
:10D8B000200A10EE101A084608F0A8F8CDE90E016B
:10D8C00094ED041AF0EE410A94ED131AB0EE410AF9
:10D8D000FCF7C8FCD4ED020A20EE200A10EE105A24
:10D8E000284608F093F8CDE90C01D4ED130AB0EE08
:10D8F000600A05F0E1F810EE105A284608F086F8A4
:10D90000CDE9080194ED010A10EE101A084608F05E
:10D910007DF8CDE9040194ED130A10EE101A0846C3
:10D9200008F074F8CDE900019DED000B00F034FC27
:10D930008DED020B9DED041B9DED020B00F038FCFC
:10D940008DED060B94ED000A10EE101A084608F053
:10D950005DF841EC1F0B9DED060B53EC102B07F00F
:10D9600057FA41EC1E0B9DED080B53EC102B07F002
:10D970004FFACDE90A0194ED110A10EE101A08468B
:10D9800008F044F841EC1D0B9DED0A0B53EC102BF5
:10D9900006F0A6FE41EC1C0B9DED0C0B53EC102B7E
:10D9A00006F09EFE41EC1B0B9DED0E0B53EC102B75
:10D9B00006F096FE41EC1A0B94ED0C0A10EE101ACC
:10D9C000084608F023F853EC1A2BCDE910019DED21
:10D9D000100B51EC100B07F01BFA53EC192BCDE98F
:10D9E00012019DED120B51EC100B06F079FECDE902
:10D9F00014019DED140B51EC100B06F00FFDA0630C
:10DA000094ED0B1AF0EE410A94ED0E1AB0EE410AB5
:10DA100001F0FCFA94ED0F0A84ED100A94ED090A66
:10DA200084ED120A94ED0E0A17B0BDEC108B30BDD8
:10DA30000000000010B52DED0C8B0446B0EE408ABE
:10DA4000F0EE608AB0EE419AB0EE61AAF0EE42AA22
:10DA5000B0EE62BAF0EE43BAB0EE63CAF0EE44CA7A
:10DA6000B0EE64DAF0EE459A50212046F3F7D4FA8E
:10DA700084ED008AC4ED018A84ED029A84ED03AA44
:10DA8000C4ED04AAC4ED05CA84ED06DAC4ED079A14
:10DA900084ED0BBAC4ED0ABA84ED0CCABDEC0C8B54
:10DAA00010BD000010B52DED088BF0EE40BAB0EEC1
:10DAB000608AF0EE418AB0EE619AF0EE429AF0EEA2
:10DAC00062AAB0EE43AAB0EE63BA0C48C0ED00BA49
:10DAD00080ED018AC0ED028A80ED039AC0ED049AC0
:10DAE000C0ED05AA80ED06AA80ED07BA2422014602
:10DAF0000348F8F7DDFCBDEC088B10BDF8060020EC
:10DB0000D80B00203F48C06810F5167F05DA3E4864
:10DB10000068401C3C4908600EE03A48C068B0F517
:10DB2000167F09DD39480068401C384908603848CC
:10DB30000068401C364908603248C06810F5167FFE
:10DB400015DB3048C068B0F5167F10DC314800683E
:10DB500010F5167F0BDB2F480068B0F5167F06DC4A
:10DB60000020284908742949086027490860254889
:10DB7000C06810F5167F11DB2248C068B0F5167F2B
:10DB80000CDC2448006810F5167F07DA1E48006890
:10DB90000A2803DA03201B4908740BE01948C068FF
:10DBA00010F5167F06DA184800680A2802DB012003
:10DBB000144908741348C06810F5167F11DB11482A
:10DBC000C068B0F5167F0CDC12480068B0F5167F0F
:10DBD00007DD0E4800680A2803DA042009490874A2
:10DBE0000BE00848C068B0F5167F06DD07480068FE
:10DBF0000A2802DB0220034908740248C06805496C
:10DC00000860704728A70020CC050020D40500201C
:10DC1000D0050020D805002003B4019841000098E9
:10DC200050EAC12018BF04204A0D18BF40F001007F
:10DC300040F2FF72B2EB515F08BF40F002000128D2
:10DC400008BF052002B070474100080218BF042039
:10DC50000A0E18BF40F001004FF07F4232EA010186
:10DC600008BF40F00200012808BF052070470000EF
:10DC700002480068C0F30220704700000CED00E08D
:10DC800010B5002804DB0A07130E054A135406E0FA
:10DC90000A07140E034A00F00F031B1FD45410BDD3
:10DCA00000E400E018ED00E010B510EE104A4FF06F
:10DCB0001A402DED028B00EB4400B0F1C85F4AD84A
:10DCC0004FF0FC40B0EB440F22D2B0EEC00AF7EEAA
:10DCD000000A30EEC00AF6EE000A20EE208A18EEA6
:10DCE000100A04F04CFF00EE100A14F0004F1DBFA4
:10DCF0009FED281ADFED280AB1EE400A9FED271AA2
:10DD000008BFF0EE410AF8EE001A20EE210A05E005
:10DD100020EE008A9FED221ADFED220ADFED221AA3
:10DD20009FED222A70EEC00A20EE080A08EE212A92
:10DD3000DFED1F1A48EE021A9FED1E2A08EE212A77
:10DD4000DFED1D1A48EE021ABDEC028B40EE610AAF
:10DD500030EE810A10BD4FF0CC40B0EB440F82BFD3
:10DD60009FED160ABDEC028B10BD4FF07F40B0EB6B
:10DD7000440F05D2BDEC028BBDE8104001F030B974
:10DD80000120F3F7F1F9BDEC028BBDE8104001F082
:10DD90002DB900000000494022AA7D3A0000000091
:10DDA0000000C93F22AAFD3924FE1C3DC78AD83C89
:10DDB0001E67383D1B93993DAFAA2A3EDB0FC93F32
:10DDC00010B54FF00E402DED028BB0EE408A18EEEC
:10DDD000104A00EB4400B0F1506F4AD84FF0FC40BD
:10DDE000B0EB440F22D2B0EEC80AF7EE000A30EED4
:10DDF000C00AF6EE000A60EE208A18EE900A04F0DF
:10DE0000BEFE01EE100A14F0004F1DBFDFED2D0A1B
:10DE10009FED2D0AB1EE411ADFED2C0A08BF9FEDF0
:10DE20002C0AF8EE001A21EE218A05E0DFED290A1E
:10DE300068EE088AB0EE600A9FED271ADFED271A18
:10DE400030EE080A48EE811A9FED251A08EEA11A55
:10DE5000DFED241A48EE811A9FED231A08EEA11A6D
:10DE600068EE281ABDEC028B01EE810A30EE200A22
:10DE700010BD4FF0E440B0EB440F0CD918EE100A7F
:10DE8000FFF7E2FE042808BF01F0B8F8B0EE480A38
:10DE9000BDEC028B10BD4FF07F40B0EB440F07D2BA
:10DEA000B0EE480ABDEC028BBDE8104001F098B816
:10DEB0000120F3F759F9BDEC028BBDE8104001F0E9
:10DEC00095B800000000C9BF22AAFDB90000C93FF3
:10DED00022AAFD390000000024FE1C3DC78AD83C60
:10DEE0001E67383D1B93993DAFAA2A3E70B54FF08F
:10DEF00068422DED048BF0EE408A18EE900AB0EEE9
:10DF0000608A18EE101A02EB4003B3F1654F3CBF74
:10DF100002EB4102B2F1654F7DD200BFC0F3C7539F
:10DF2000C1F3C7529A1A1B2A09DD10F0004F14BF23
:10DF30009FED830A9FED830ABDEC048B70BD12F147
:10DF40001A0F36DA11F0004F09D010F0004F0CBF55
:10DF50009FED7D0A9FED7D0ABDEC048B70BD88EEC0
:10DF6000889A19EE100AFFF76FFE042808BF01F027
:10DF700045F818EE900AFFF767FE054618EE100AFE
:10DF8000FFF762FE044619EE100AFFF75DFE042D4E
:10DF900018BF052D08D1042C18BF052C04D100286A
:10DFA00004BF0220F3F7E0F8B0EE490ABDEC048BA1
:10DFB00070BD4200B2EB410F3AD910F0004F19BFCB
:10DFC000DFED630A9FED630ADFED630A9FED630AED
:10DFD000B0EE481A0A46B1EE688A80F00041F0EED1
:10DFE000418A10460A1A5200B2F1807F34D248406A
:10DFF00010F0004FDFED5A1A9FED5A2A1DBFBEEEFA
:10E00000001A70EEE10A30EE420AB6EE001A08BFBE
:10E0100070EEA10A00E040E008BF30EE020AB0EE68
:10E02000682A01EE482A08EE818AC2EE081A15E035
:10E0300011F0004F04BF9FED4C0AF0EE400AD1D022
:10E0400010F0004F19BFDFED490A9FED490ADFEDDF
:10E05000490A9FED490AC5E7C8EE881A21EEA11AC0
:10E060009FED462ADFED462A41EE022A9FED452A22
:10E0700001EE222ADFED442A41EE022A9FED432AD7
:10E08000BDEC048B01EE222A21EE811A01EE020A78
:10E0900030EE210A30EE200A70BD4FF07F42B2EB25
:10E0A000400F28BFB2EB410F09D2F0EE480AB0EEA4
:10E0B000680ABDEC048BBDE8704000F094BF40EAF4
:10E0C00001035B0008BF41F0FF410BD0B2EB400FF2
:10E0D00008BFB2EB410F08D120F0804008EE900A53
:10E0E00021F0804108EE101A18E7B2EB400F12BF82
:10E0F0005FEA410340F0FF4001F000413FF40EAF02
:10E10000B2EB410F12BF5FEA400200F0004041F065
:10E11000FF413FF403AF4A0092EA40033FF5FEAEF1
:10E12000002AACBF9FED1A0A9FED1A0A68EE808A9A
:10E1300028EE008A18EE900A18EE101AEEE600009B
:10E14000DB0FC9BFDB0FC93FDB0F4940DB0F49C005
:10E150000000C9BF22AAFDB90000C93F22AAFD39AB
:10E160000060ED3EC30ACE3700000000000049C049
:10E1700022AA7DBA0000494022AA7D3A2DAD65BD94
:10E180008FB8D53D0FB511BE61C84C3EA8AAAABE36
:10E190000000804F0000802F2DED020B019820F031
:10E1A000004001909DED000B02B0704700000000A0
:10E1B0002DE9F04D2DED040B2DED0E8B96B0DDE924
:10E1C0002550279CDDF890A025F0004624F000485B
:10E1D000BAF1000F14BF0121002101EB4502FC49F7
:10E1E00053184A1093422AD3002814BF0123002356
:10E1F00003EB44030B44F7498B4220D358EA000158
:10E200009FEDF59B76D0DFF8D8B35D4503D1BAF129
:10E21000000F05D188E0BAF1000F08BF002100D03F
:10E22000012101EB450111F5001F08D8002814BF9A
:10E230000121002101EB440111F5001F0BD99DEDD7
:10E24000261B9DED240B16B0BDEC0E8B04B0BDE873
:10E25000F04D00F089BE0027002DBCBFE149884584
:10E2600021DAE1498845A8BF02271CDAC3451ADC38
:10E27000DE4901EB2851142908DDC1F1340220FAEE
:10E2800002F101FA02F282420DD108E058B9C1F15F
:10E29000140228FA02F101FA02F2424503D101F018
:10E2A0000101C1F1020756EA0A0124D1002C22DA49
:10E2B000002D18BF022F01D0012F0AD00220F2F743
:10E2C00053FF16B0BDEC0E8B04B0BDE8F04D00F06E
:10E2D00033BE0220F2F748FF00F02EFE51EC100B87
:10E2E00006F090F841EC100B16B0BDEC0E8B04B0AC
:10E2F000BDE8F08D18E09FEDBEAB9FEDBF8B002811
:10E3000071D1B848804522D105F1804010F58010C8
:10E3100008BFBAF1000F07D0B3450ADC002CA8BF34
:10E320009DED260BE0DA0DE0B0EE490AF0EE690A49
:10E33000DAE7002C06DA9DED260B51EC100B06F007
:10E3400061F86FE0AE48784490ED000BCCE7D8451B
:10E350004DD1002C48DA2EB186423AD1BAF1000FE5
:10E3600042D126E0BAF1000F13D00220F2F7FCFEF2
:10E3700000F016FE8DED020B9DED240B8DED000BD4
:10E3800010EE900A039961F31E0003909DED020BBD
:10E39000AAE78DED02AB9DED240B1AEE901A10EE5C
:10E3A000900A8DED000B61F31E0003909DED020BB2
:10E3B0009AE78DED028B9DED240B18EE901A10EE6E
:10E3C000900A8DED000B61F31E0003909DED020B92
:10E3D0008AE709DA9DED240B51EC190B53EC102B55
:10E3E00006F0BEFA1EE020E09DED240B7CE786429D
:10E3F0001BDAB4F1804F0DD0A4F10050B0F1FF5002
:10E4000013D1002D11DB9DED240B51EC100B04F00A
:10E410007FFB07E09DED240B53EC102B51EC100B10
:10E4200000F0C2BC41EC100B5EE79DED240B51ECFB
:10E43000100B01F0C0FDBAF1000FCDE90E0142D181
:10E440009FED710B46B3A6F1E040B0F17F600CD0B8
:10E450005E4538D1002D00DAA7B3022F0CBF012092
:10E460004FF0FF3006F074FCDCE7002D01DD002CDE
:10E470000DDA002D01DD002C1FDB002D16DA002C3B
:10E4800014DB012F08BF9FED620B3FF42DAFB0EE00
:10E490004A0AF0EE6A0A27E7022F18BF002D0CD0B7
:10E4A000012F0AD1002DFFF61FAF06E0002DB8BFE7
:10E4B000002C08DA012F3FF417AFB0EE480AF0EE57
:10E4C000680A11E71BE0012000EBE57050EA070144
:10E4D00015D0791EB0EE498AF0EE698A084308BF6C
:10E4E0009FED4D8B4E480025804570DD4D494E48CF
:10E4F000884514DDB0420DDB002C19DB2FE0012034
:10E50000F2F732FE16B0BDEC0E8B04B0BDE8F04D54
:10E5100000F036BDB34502DC002C09DC1FE086426A
:10E5200002DA002C1BDA03E05E452BDD002C16DD41
:10E530000220F2F719FE00F033FD8DED020B53ECD3
:10E540001A2B51EC180B06F063FCCDE9000103997E
:10E55000019861F31E0003909DED020BC4E60220BA
:10E56000F2F702FE00F02CFD10EE901A18EE900A61
:10E570008DED020B8DED008B61F31E0003909DED80
:10E58000020BB1E69DED0E0B53EC192B51EC100B69
:10E5900006F03AFF9FED260BCDE9080153EC102B56
:10E5A0009DED080B51EC100B06F032FC9FED221B89
:10E5B00053EC112B06F0FCFD9DED081B53EC112BC9
:10E5C00006F026FC9FED1E1B53EC112B3CE08CE06B
:10E5D000FFFF1F00FFFF0F00000000000000F03FE2
:10E5E0000000F03F0000F07F0000404301FCFFFF0F
:10E5F000000000000000F07F0000000000000000AC
:10E600007E86000000000000000000000000008086
:10E61000000000000000F0FF000000000000F0BF5C
:10E620000000E0410000F043FFFFEF3F000000006A
:10E63000000000000000D03F555555555555D53FB9
:10E64000000000000000E03F06F0B2FD9DED080B69
:10E6500041EC1A0B53EC102B51EC100B06F0D8FBCD
:10E6600053EC1A2B06F0D4FB41EC1A0B9FEDFE0B7A
:10E6700053EC102B9DED080B51EC100B06F0C8FB72
:10E6800041EC1B0B9FEDFA0B51EC1A0B53EC102BCA
:10E6900006F0BEFB41EC1A0B9FEDF70B53EC102B71
:10E6A0009DED080B51EC100B06F0B2FB53EC1A2B4E
:10E6B00006F0AAFE41EC1A0B51EC1B0B53EC1A2B83
:10E6C00006F00EF80690CDE906519DED060B53ECD1
:10E6D0001B2B51EC100B06F097FE53EC1A2B06F097
:10E6E00067FD41EC100B00F0A1B90020B6F5801FCA
:10E6F0000EDA9FEDE30B53EC102B9DED0E0B51EC5E
:10E70000100B06F085FBCDE90E016FF034000E46CC
:10E7100000EB2650A0F2FF37C6F31300DA4940F0B1
:10E720007F6646F040568842D8BF002408DDD749AE
:10E730008142C8BF012403DC0024A6F580167F1C9B
:10E74000D348784400EBC4000F9690ED00CB9DEDCC
:10E750000E0B53EC1C2B51EC100B06F055FE9DEDEF
:10E760000E0B41EC1B0B53EC1C2B51EC100B05F06A
:10E77000B7FF41EC100B51EC190B53EC102B06F0CA
:10E78000EFF841EC1D0B51EC1B0B53EC1D2B06F06D
:10E790003FFB41EC1A0BBF488DED10AB7844109550
:10E7A00090ED000B4FF0005040EA660000EB844013
:10E7B0008DED080B00F5002009909DED080B53EC42
:10E7C0001C2B51EC100B06F01FFE9DED0E1B53ECA5
:10E7D000112B06F0EDFC41EC100B53EC102B9DEDD2
:10E7E000100B51EC100B06F013FB9DED080B41ECE8
:10E7F0001C0B53EC102B9DED100B51EC100B06F085
:10E8000007FB53EC1B2B06F0D3FC53EC1C2B06F040
:10E81000FBFD53EC1D2B06F0FBFA41EC1C0B53ECFB
:10E820001A2B51EC1A0B06F0F3FA41EC1B0B9A4829
:10E830000621B0EE4B0AF0EE6B0A784400F0FDFAC8
:10E84000B0EE401AF0EE601AB0EE41DAF0EE61DAA6
:10E8500053EC1B2B51EC1B0B06F0DAFA53EC1D2B7F
:10E8600006F0D6FA9DED100B41EC1B0B53EC1A2B66
:10E8700051EC100B05F034FF53EC1C2B06F0C8FADA
:10E8800053EC1B2B05F02CFF9DED100B41EC1B0BEB
:10E8900053EC102B51EC100B06F0BAFA41EC1D0BA7
:10E8A0009FED7FEB53EC1E2B05F01AFF53EC1B2B57
:10E8B00005F016FF0890CDE908519DED080B53ECCB
:10E8C0001E2B51EC100B06F09FFD53EC1D2B06F098
:10E8D0009BFD53EC1B2B06F06BFC9DED080B41ECF4
:10E8E0001D0B53EC102B9DED100B51EC100B06F093
:10E8F0008FFA41EC1B0B53EC1A2B51EC1D0B06F05D
:10E9000087FA9DED080B41EC1A0B53EC102B51ECE0
:10E910001C0B06F07DFA53EC1A2B05F0E1FE41ECDE
:10E920001A0B51EC1B0B53EC1A2B05F0D9FE0C9073
:10E93000CDE90C519DED0C0B53EC1B2B51EC100B46
:10E9400006F062FD53EC1A2B06F032FC41EC1B0B77
:10E950009FED550B53EC102B9DED0C0B51EC100B58
:10E9600006F056FA41EC1A0B9FED510B51EC1B0BC4
:10E9700053EC102B06F04CFA41EC1B0B9FED4E0BA9
:10E9800053EC102B9DED0C0B51EC100B06F040FAE4
:10E9900053EC1B2B05F0A4FE41EC100B48487844C7
:10E9A00000EBC40090ED001B51EC100B53EC112B4D
:10E9B00005F096FE41EC1B0B384606F0C9F9CDE98F
:10E9C000080153EC1B2B51EC1A0B05F089FE41ECAE
:10E9D000100B3C48784400EBC40090ED00CB51ECA8
:10E9E000100B53EC1C2B05F07BFE9DED081B53EC2C
:10E9F000112B05F075FE0690CDE906519DED080B33
:10EA000053EC102B9DED060B51EC100B06F0FCFCAB
:10EA100053EC1C2B06F0F8FC53EC1A2B06F0F4FC1C
:10EA200053EC1B2B06F0C4FB41EC100B9DED261B99
:10EA300053EC102B8DED001B00959DED260B51EC3A
:10EA4000100B06F0E5F99DED000B41EC1A0B53ECB1
:10EA5000102B9DED260B51EC100B06F0D5FC9DED17
:10EA6000061B53EC112B2FE0000000604715F73F09
:10EA7000FE822B654715F73F44DF5DF80BAE543E31
:10EA800000000000000040438E9803007AB60B009F
:10EA9000FA8100002882000032810000000000009E
:10EAA0000000000000000840000000E009C7EE3F41
:10EAB000FD033ADC09C7EE3FF5015B14E02F3EBED3
:10EAC000BE7F0000787F000006F0A2F953EC1A2BFD
:10EAD00005F006FE9DED060B41EC1A0B53EC102BD6
:10EAE0009DED000B51EC100B06F092F9CDE90C01F5
:10EAF0009DED0C0B51EC1A0B53EC102B05F0F0FDB7
:10EB0000CDE902010C46AA498C422FDB611A084369
:10EB100018D19DED0C0B53EC102B9DED020B51EC1D
:10EB2000100B06F071FC41EC1B0B9FEDA30B51EC9D
:10EB30001A0B53EC102B05F0D3FD53EC1B2B06F0F6
:10EB400006FB2DD20220F2F70FFB00F029FA10EE9F
:10EB5000901A18EE900A8DED020B8DED008B61F38B
:10EB60001E0003909DED020BFFF7BEBB944A24F0FC
:10EB70000041914214D39349214408437FF4EFAC00
:10EB80009DED0C0B53EC102B9DED020B51EC100B7B
:10EB900006F03AFC53EC1A2B06F0D9FA7FF6DFACFC
:10EBA00024F000408849894A002601EB2051824226
:10EBB0002BDA481C4FF4801121FA00F02044844ADB
:10EBC000C0F30A517A44A1F2FF3192ED000B814A61
:10EBD0008DED080BCA4020EA0202C0F3130040F496
:10EBE0008010C1F1140120FA01F60992002CB8BF7F
:10EBF00076429DED080B53EC102B9DED0C0B51EC68
:10EC0000100B06F001FCCDE90C019DED0C0B51EC55
:10EC10001A0B53EC102B05F063FD9FED6F0B089062
:10EC2000CDE9085153EC102B9DED080B51EC100B66
:10EC300006F0EEF841EC1B0B9FED690B53EC102B2B
:10EC40009DED080B51EC100B06F0E2F89DED0C0B5E
:10EC500041EC1C0B53EC102B9DED080B51EC100BF1
:10EC600006F0D2FB53EC1A2B06F0A2FA9FED5E1BC6
:10EC700053EC112B06F0CCF853EC1C2B05F030FDB7
:10EC800041EC1A0B51EC1B0B53EC1A2B05F028FD31
:10EC9000CDE902019DED020B53EC1B2B51EC100B47
:10ECA00006F0B2FB53EC1A2B06F082FA9DED020B34
:10ECB00041EC1A0B53EC102B51EC100B06F0A8F89A
:10ECC000CDE908014A489DED080B0521784400F084
:10ECD000B4F89DED081B51EC100B53EC112B06F012
:10ECE00097F89DED021B53EC112B06F061FACDE96C
:10ECF00006019DED020B53EC1A2B51EC100B06F0A4
:10ED000087F853EC1A2B05F0EBFC9FED3B0B41EC25
:10ED10001A0B53EC102B9DED060B51EC100B06F06B
:10ED200073FB9DED060B41EC1B0B53EC102B9DED83
:10ED3000020B51EC100B06F06BF853EC1B2B05F09B
:10ED40000FFE53EC1A2B06F05FFB9DED021B53ECFC
:10ED5000112B06F059FB53EC192B06F029FACDE9DB
:10ED6000020101EB065001150029C8BF039015DC14
:10ED70009DED020B324651EC100B06F0FFFFFEF743
:10ED80004BFF042808BF00F01BF932469DED020B33
:10ED900051EC100B06F0F2FFCDE902019DED020BE4
:10EDA00051EC180B53EC102B06F032F8FFF73ABB7E
:10EDB0000000904000000000FE822B654715973C44
:10EDC00000CC904000346F3F01FCFFFF0000E03FAB
:10EDD000007E0000FFFF0F0000000000432EE63F12
:10EDE000396CA80C615C20BEEF39FAFE422EE63F7A
:10EDF000D07C000000000000000000000000004087
:10EE000010B52DED028BB1EEC08A18EE100A20F07D
:10EE10000040C0F1FF40C00F0AD010EE100A20F0F1
:10EE20000040C0F1FF40C00F04BF0120F2F79CF981
:10EE3000B0EE480ABDEC028B10BD70B504462DED56
:10EE4000028B4D1E00EBC500B0EE408AF0EE608AEA
:10EE500090ED000B35F0060017D053EC182B51EC59
:10EE6000100B05F0D5FF41EC100B6D1E04EBC50037
:10EE700090ED001B51EC100B53EC112B05F030FC06
:10EE800041EC100B35F00600E7D1022D36D0042DF1
:10EE90001CD0062D1CBFBDEC028B70BD53EC182B93
:10EEA00051EC100B05F0B4FF94ED0A1B53EC112B41
:10EEB00005F016FC53EC182B05F0AAFF94ED081B87
:10EEC00053EC112B05F00CFC41EC100B53EC182B00
:10EED00051EC100B05F09CFF94ED061B53EC112B2D
:10EEE00005F0FEFB53EC182B05F092FF94ED040B9C
:10EEF00053EC102B05F0F4FB41EC100B53EC182BEA
:10EF000051EC100B05F084FF94ED021B53EC112B18
:10EF100005F0E6FB53EC182B05F07AFF94ED001B8F
:10EF200053EC112B05F0DCFBBDEC028B41EC100B1C
:10EF300070BD0000000000009FED070B10B553EC02
:10EF4000102B9FED070B51EC100B05F009FD41EC68
:10EF5000100B10BD000000000000000000000000C9
:10EF6000000000000000F03F10B553EC112B51ECF5
:10EF7000100B05F0B5FB41EC100B10BD00000000BC
:10EF80009FED050B10B553EC102B51EC100B05F059
:10EF9000E7FC41EC100B10BD000000000000000079
:10EFA0009FED050B10B553EC102B51EC100B05F039
:10EFB0002FFF41EC100B10BD00000000000000709E
:10EFC0009FED050B10B553EC102B51EC100B05F019
:10EFD0001FFF41EC100B10BD0000000000000010EE
:10EFE00030EE000A704730EE200A7047DFED020A6B
:10EFF00080EEA00A70470000000000009FED020AAA
:10F0000020EE000A7047000000000010B4EEE00A95
:10F01000F1EE10FA02DDB0EE600A0AE0B1EE601A1D
:10F02000B4EEC10AF1EE10FA03D2B1EE601AB0EEFE
:10F03000410A704710B5F2F7C9F98020F2F78EFB4C
:10F040005520F2F78BFB5520F2F788FB50490870EA
:10F05000F2F7B2F90120F4F71BFBF2F7B7F98020C1
:10F06000F2F77CFB5520F2F779FB5520F2F776FB9F
:10F0700047490870F2F7A0F90120F4F709FBF2F70D
:10F08000A5F9B6217E20F2F77BFBF2F795F9502027
:10F09000F4F7FEFAF2F79AF98020F2F75FFB5520B9
:10F0A000F2F75CFB5520F2F759FB39490870F2F78B
:10F0B00083F90120F4F7ECFAF2F788F98020F2F7EF
:10F0C0004DFB5520F2F74AFB5520F2F747FB30493C
:10F0D0000870F2F771F90120F4F7DAFA2C48007899
:10F0E0001E2801D0FF2010BD00202A49087049E0E9
:10F0F000F2F76CF9274A127802EB4202264B1A44C7
:10F100005178244A127802EB4202985CF2F738FBFD
:10F11000F2F752F90120F4F7BBFAF2F757F91D495B
:10F12000097801EB41011C4A515C41F08000F2F783
:10F1300015FB5520F2F712FB5520F2F70FFB14498F
:10F140000870F2F739F90120F4F7A2FA11480078B3
:10F1500000EB40001049084440780D490978884286
:10F160000BD00C48007800EB40000B490844807835
:10F170000A49097808430949087006480078401C84
:10F1800004490870034800780628B1DB0020AAE78C
:10F190007C0400207D040020880400207E040020E0
:10F1A00010B5F2F727F945490020F2F7CAFAF2F74D
:10F1B00017F90120F4F76CFAF2F71CF93F49002027
:10F1C000F2F7BFFAF2F70CF90120F4F761FAF2F75F
:10F1D00011F9B6211420F2F7D3FAF2F701F9502011
:10F1E000F4F756FAF2F706F934490020F2F7A9FAD3
:10F1F000F2F7F6F80120F4F74BFAF2F7FBF82F4993
:10F200000020F2F79EFAF2F7EBF80120F4F740FA4B
:10F210002A4800780F2801D0FF2010BD002028497F
:10F22000087045E0F2F7E6F8254A127802EB420250
:10F23000244B1A445178224A127802EB4202985C1D
:10F24000F2F79EFAF2F7CCF80120F4F721FAF2F780
:10F25000D1F81B49097801EB41011A4A505C174962
:10F26000F2F76FFAF2F7BCF80120F4F711FA14483C
:10F27000007800EB40001349084440780F490978B2
:10F28000884210D00E480078401E0D49087008468C
:10F29000007800EB40000C49084480780B4909785D
:10F2A00008430A49087006480078401C0449087061
:10F2B000034800780628B5DB0020AEE77C04002078
:10F2C0007D0400209A040020880400207E04002091
:10F2D00000B58BB000200690079001200890002018
:10F2E00001900290039004900590012009900E2057
:10F2F0000A9001A90548F3F7C3FA0448F3F745FF5C
:10F3000002210248F3F702FA0BB000BD7809002091
:10F3100000B58BB00E2006900020079001200890C9
:10F320000020019002900390049001200590099024
:10F330000E200A9001A90648F3F7A2FA0448F3F751
:10F3400024FF10210248F3F7E1F90BB000BD0000E3
:10F35000A00900202A4840792A4908802A480088C4
:10F36000022847D108460088012843D12748007861
:10F3700001281ED1264890ED010ADFED260AB4EEE1
:10F38000E00AF1EE10FA06D390ED010AB5EEC00ADC
:10F39000F1EE10FA03DD0220194948712AE001203C
:10F3A000174948711948007880F001001749087022
:10F3B00020E016480078E8B9154890ED010ADFED25
:10F3C000160AB4EEE00AF1EE10FA06DC90ED010A3E
:10F3D000B5EEC00AF1EE10FA03D2022008494871D6
:10F3E00008E00120064948710848007880F00100D3
:10F3F00006490870024840790349088070470000B8
:10F4000098060020A2060020A0060020A4060020E6
:10F4100070A400209A9919BF9A99193F00B5224803
:10F42000007A012802D02148007A18B10020204932
:10F43000487131E01E48407858B31E48808D70B93D
:10F440001D4890F8270030B1F2F7E6FA18B1022013
:10F450001749487120E00020154948711CE0164802
:10F4600090F8270030B1F2F7D7FA18B1022010490E
:10F47000487111E0104890F8270030B9F2F7CCFA43
:10F4800018B101200A49487106E000200849487176
:10F4900002E0002006494871074890F843000749F8
:10F4A0000870FFF757FF00BD20A6002070A40020C1
:10F4B00098060020BCA7002028A70020A506002051
:10F4C00000B52B48007A012806D02A48807A022805
:10F4D00002D02948007A18B10020284948712DE04F
:10F4E0002648407838B32348807A012804D002287F
:10F4F00018D003281AD10AE0F2F78EFA18B10220C8
:10F500001E49487102E000201C49487112E0F2F7E0
:10F5100083FA18B101201949487102E00020174907
:10F52000487107E000201549487103E000201349A5
:10F53000487100BF02E0002010494871104800786F
:10F5400001280DD00B48807A012809D10D48007898
:10F55000401CC0B20B490870022801DB0020087073
:10F56000FFF7F8FE0348807A0549087000BD0000E7
:10F5700020A6002028A7002070A4002098060020C4
:10F58000A6060020A5060020094890F8260018B11C
:10F590000120084988710AE0054890F8420018B136
:10F5A00002200449887102E00020024988717047F6
:10F5B00028A7002098060020002100EB4002024B03
:10F5C00043F832107047000020A600202DE9F047D4
:10F5D0002DED068B8AB082460C46B0EE40AAB0EE06
:10F5E000608AF0EE418AB0EE619AF0EE429A102005
:10F5F000B2EE091AFAEE090AB0EE4A0A00F0BCFDB2
:10F6000085B20C20B3EE0E1AFBEE0E0AB0EE480ADD
:10F6100000F0B2FD86B20C209FED2E1ADFED2E0A0F
:10F62000B0EE680A00F0A8FD87B20C20B1EE041A13
:10F63000DFED290AB0EE490A00F09EFD1FFA80F8BE
:10F640000C20B2EE041AFAEE040AB0EE690A00F0D9
:10F6500093FD1FFA80F9049400200690079008207B
:10F66000089028128DF80800E8B28DF80900C6F35A
:10F6700007108DF80A003007000E40EA27208DF8A9
:10F680000B00F8B28DF80C00C8F307108DF80D00D0
:10F690004FEA0870000E40EA29208DF80E0009F0AC
:10F6A000FF008DF80F0001AB02AA04A95046F3F742
:10F6B00042F80A49087008460078012804D1084831
:10F6C0000068401C064908600AB0BDEC068BBDE826
:10F6D000F08700000000FA4300000000240500202D
:10F6E0002805002010B503460C46002003E0215CED
:10F6F000264A1154401C0828F9DB207800F00F003E
:10F700001880207800095880A078617840EA0120AC
:10F710005860E0780001217940EA21109860607912
:10F72000217901F00F0140EA0120D860A079187416
:10F73000E07958741021DFED160A9FED160A58681B
:10F7400004F08EF883ED050A0C21DFED130A9FED1E
:10F75000130A986804F084F883ED060A0C21F3EE8E
:10F76000020ABBEE020AD86804F07AF883ED070AB1
:10F7700093ED050ADFED0A0A20EE200ADFED040A08
:10F7800080EE201A83ED081A10BD0000A0050020AD
:10F79000D00F4940D00F49C000003442000034C2AD
:10F7A0000000344330B589B005460C460394002070
:10F7B0000590069008200790FF208DF80A008DF82C
:10F7C00009008DF808008DF807008DF806008DF807
:10F7D00005008DF80400FB208DF80B006B4601AA94
:10F7E00003A92846F2F7A7FF0149087009B030BD08
:10F7F0002405002030B589B005460C46039400204E
:10F800000590069008200790FF208DF80A008DF8DB
:10F8100009008DF808008DF807008DF806008DF8B6
:10F8200005008DF80400FD208DF80B006B4601AA41
:10F8300003A92846F2F77FFF0149087009B030BDDF
:10F840002405002030B589B005460C4603940020FD
:10F850000590069008200790FF208DF80A008DF88B
:10F8600009008DF808008DF807008DF806008DF866
:10F8700005008DF80400FC208DF80B006B4601AAF2
:10F8800003A92846F2F757FF0149087009B030BDB7
:10F890002405002010B586B00024182219496846B6
:10F8A000F1F75EFB00BF24E0642004EB4401164A3C
:10F8B00042F831003DF8140004EB440102EBC101B1
:10F8C0004860012004EB440102EBC10108720020F2
:10F8D00004EB440102EBC101C86004EB440102EBFC
:10F8E000C101086104EB440102EBC1014861601CE5
:10F8F000C4B20B2CD8DB05480349C86004484861F2
:10F9000006B010BD2461010820A60020D99F000880
:10F91000C19E000810B530480078E8B92E484078FC
:10F92000D0B12E48408810B12D484088A0B905219B
:10F930002C48FFF787FF012004F0C4F803212A4870
:10F94000FFF780FF012004F0BDF804212648FFF7EF
:10F9500079FF012004F0B6F81F48007801281DD176
:10F960002248007AD0B91D48408810B11C48408810
:10F97000A0B905211B48FFF765FF012004F0A2F89C
:10F9800003211948FFF75EFF012004F09BF80421D2
:10F990001548FFF757FF012004F094F80E4840780F
:10F9A00018B11248007A012814D105210D48FFF73B
:10F9B00021FF012004F086F803210B48FFF71AFF0E
:10F9C000012004F07FF804210748FFF713FF01200E
:10F9D00004F078F810BD0000980600206CA5002007
:10F9E00048A50020A00900207809002020A60020BA
:10F9F00010B5028842804A780B7842EA032212B29C
:10FA00000280CA788B7842EA032212B282804A7955
:10FA10000B7942EA032212B2C2808A790272B0F9EB
:10FA20000020B0F90230D21AB2F5805F03DDC2685F
:10FA3000521EC2600AE0B0F90020B0F90230D21ABA
:10FA400012F5805F02DAC268521CC260B0F9003061
:10FA5000C26803EB4232038CD21A02614FF4B474D1
:10FA6000036903FB04F2D31702EBD3435B13436137
:10FA700010BD0000816900EE101A816A00EE901A34
:10FA800020EE200AB5EEC00AF1EE10FA65DD8169BC
:10FA900000EE101AB5EEC00AF1EE10FA03DD81692E
:10FAA00000EE101A04E0816900EE101AB1EE400A6F
:10FAB000416D00EE901AB4EEE00AF1EE10FA00D8B3
:10FAC0007047016D00EE101A416D00EE901A70EE55
:10FAD000200A816900EE101AB5EEC00AF1EE10FAA4
:10FAE00003DD816900EE101A04E0816900EE101A4E
:10FAF000B1EE400AF4EEC00AF1EE10FA28DB016D17
:10FB000000EE901A816900EE101AB5EEC00AF1EE0F
:10FB100010FA03DD816900EE101A04E0816900EE3D
:10FB2000101AB1EE400A70EEC00A416D00EE101AD4
:10FB300030EE801A016D00EE101AC1EE000A016B62
:10FB400000EE101A20EE800A10EE101A016304E095
:10FB50009FED030A10EE101A016300BFB0E700002A
:10FB60000000000050F82C1F00EE101A416E00EE4D
:10FB7000901A60EE201A016B00EE101A416E00EE32
:10FB8000901A30EE200A81EE801A016900EE101AF8
:10FB9000016B00EE901A60EE201A00EE101A416E12
:10FBA00000EE901A30EE200AC1EE800A31EE200AF3
:10FBB00010EE101A40F82C19704710B50446D4F80E
:10FBC000940090BBB4F86000022817DD206901EEB4
:10FBD000100AB1EE411AF0EE410AD4F8900000EE9E
:10FBE000100A04F16200F9F711FCE06800EE900AD7
:10FBF00020EE200A10EE100AE06257E0606900EE85
:10FC0000100A206900EE900A70EE600AE06800EECB
:10FC1000100A20EE801AD4F8900000EE100AC1EE0F
:10FC2000000A10EE900AE06240E0FFE7B4F86000DE
:10FC300002281EDD206901EE100AB1EE411AF0EE35
:10FC4000410AD4F8900000EE100A04F16200F9F7BE
:10FC5000DDFBE06800EE900AD4F89400806801EEC5
:10FC6000100A70EE810A20EE200A10EE100AE062FF
:10FC70001CE0E06800EE100AD4F89400806800EE02
:10FC8000900A30EE201A606900EE100A206900EE3A
:10FC9000900A30EE600A21EE001AD4F8900000EECF
:10FCA000900A81EE200A10EE100AE06210BD0000FA
:10FCB000816A00EE101A016B00EE901A30EE200AF5
:10FCC000344981ED000A416A00EE101A816A00EEA3
:10FCD000901A70EE200AC16A00EE101A30EE800A07
:10FCE0002D4981ED000A91ED000AB5EEC00AF1EE52
:10FCF00010FA02DD91ED000A04E0274991ED000AB7
:10FD0000B1EE400A016C00EE901AB4EEE00AF1EE9A
:10FD100010FA11DD816900EE101A816A00EE901A66
:10FD200020EE200AB5EEC00AF1EE10FA04DD9FEDD8
:10FD30001B0A10EE101A0163416C00EE101A1549EF
:10FD4000D1ED000AB4EEE00AF1EE10FA06D29FED12
:10FD5000130A10EE101A0163416C8162416C00EECF
:10FD6000101AB1EE400A0B49D1ED000AB4EEE00AD8
:10FD7000F1EE10FA0CDD9FED090A10EE101A016386
:10FD8000416C00EE101AB1EE400A10EE101A8162BA
:10FD900070470000540400205004002000000000C0
:10FDA00050F8341F00EE101AC16D00EE901A60EE8C
:10FDB000201A416A00EE101AC16D00EE901A30EE62
:10FDC000200A81EE801A416800EE101A416A00EEA6
:10FDD000901A60EE201A00EE101AC16D00EE901A13
:10FDE00030EE200AC1EE800A31EE200A10EE101A21
:10FDF00040F834197047416B00EE101A016C00EEA8
:10FE0000901AB4EEE00AF1EE10FA01DD016C4163E4
:10FE1000416B00EE101A016C00EE901AF1EE600AD0
:10FE2000B4EEE00AF1EE10FA07D2016C00EE101AFF
:10FE3000B1EE400A10EE101A4163704710B5416BE5
:10FE400000EE101A016C00EE901A9FED261A60EE7B
:10FE5000810AB4EEE00AF1EE10FA0BD3016800EE6D
:10FE6000101AB0EEC00ADFED200AB4EEE00AF1EE9F
:10FE700010FA00D210BD016800EE101A016900EE00
:10FE8000901A30EE600AF0EEC00A016800EE101A17
:10FE9000B0EEC00A80EE801A9FED140AB4EEC01ACC
:10FEA000F1EE10FA09DD50F8994F4168631C41F1F9
:10FEB000000103604160993804E00022C0F89920F5
:10FEC000C0F89D20D0F89940D0F89D304FF4FA72D8
:10FED0000021121B994102D20122A1210A5400BF24
:10FEE000C8E700006F12833A17B7D1383333733F36
:10FEF000416A00EE101A016C00EE901AB4EEE00AAE
:10FF0000F1EE10FA01DD016C4162416A00EE101A57
:10FF1000016C00EE901AF1EE600AB4EEE00AF1EE28
:10FF200010FA07D2016C00EE101AB1EE400A10EE82
:10FF3000101A41627047D0F89410D1B9816900EE6F
:10FF4000101AC16900EE901A30EE200AB0EE001AC5
:10FF5000C0EE010A816800EE101A60EE800AD0F847
:10FF6000901000EE101A20EE800A10EE101A0163B5
:10FF700020E0816900EE101AC16900EE901A30EE9F
:10FF8000200AF0EE000A80EE201A816800EE101AB6
:10FF9000D0F89410496800EE901A30EE200A61EE15
:10FFA000000AD0F8901000EE101A20EE800A10EE31
:10FFB000101A0163704782B0CDE9000121F00040C2
:10FFC00001909DED000B02B051EC100B704700004A
:10FFD000F0EE400A1E4991ED000AB7EE001A30EE2D
:10FFE000010A81ED000AC0ED000A90ED030A90EDD0
:10FFF000001A20EE010A80ED050A90ED050A90ED49
:020000040801F1
:10000000061AB4EEC10AF1EE10FA04DD90ED060A0C
:1000100080ED050A10E090ED050A90ED061AB1EEAC
:10002000411AB4EEC10AF1EE10FA05D290ED060ABB
:10003000B1EE400A80ED050A90ED010A80ED020A5A
:1000400090ED000A80ED010A90ED050A704700006E
:10005000AC05002010B52DED048B0446B0EE409A9F
:10006000B0EE608AF0EE418A1C212046F0F7D4FF02
:1000700084ED039A84ED048AC4ED068ABDEC048BFA
:1000800010BDF0EE400A10EE901A0160816800EE9B
:10009000101AC16801EE101A70EE011A816800EEA4
:1000A000101A80EE211A416800EE101A21EE000AA3
:1000B000816801EE101AC16801EE901A31EE212A12
:1000C00001EE101AC1EE021A016801EE101A01EEDB
:1000D000810A10EE101A4160416800EE101A704754
:1000E00010EE102AC2600A688260DFED050A10EE89
:1000F000902A0260DFED020A10EE902A42607047FB
:1001000000000000F0EE401AF4EEE01AF1EE10FAF2
:1001100002D2B0EE600A7047F4EEC11AF1EE10FAA6
:1001200002DDB0EE410AF6E7B0EE610AF3E7000047
:10013000FDEEC00A0E48C0ED000AD0ED000AF8EE50
:10014000E00A70EE600A0B48C0ED000AD0ED000A2C
:10015000B6EE001AF4EEC10AF1EE10FA04DD04481E
:100160000068401C024908600148006870470000B0
:100170001C01002020010020014671EE602AF0EEF3
:10018000621AB0EE602A30EE423A01208840401EEA
:1001900002EE900AF8EEE22A63EE222A82EEA13AFB
:1001A000FDEEC32A12EE900A7047000010B52DED47
:1001B000048B2D4890ED050ADFED2C0A30EE600A25
:1001C00010EE101A084605F021FC41EC190BB0EEB8
:1001D000490AF0EE690AFDF7DFFFB0EE408AF0EE63
:1001E000608A9FED230B53EC102B51EC180B04F09D
:1001F000D3FD03D201202049088702E000201E49D8
:100200000887194991ED050ADFED1C0A30EE600AF6
:10021000DFED1B0AB4EEE00AF1EE10FA01D2012183
:1002200000E00021084604F093FD41EC190BB0EE0C
:10023000490AF0EE690AFDF7AFFFB0EE408AF0EE32
:10024000608A9FED100B53EC102B51EC180B04F04F
:1002500045FD03D001200849C88602E00020064978
:10026000C886BDEC048B10BD48A5002085EB01407D
:10027000000000A09999A93FBCA70020C3F5A83FA2
:10028000CDCC4C3D000000000000000010B535480A
:10029000C078012804D141F6C8103349086202E051
:1002A0000020314908622F48C07801280FD12E481C
:1002B00090ED080AB8EEC00AD0ED050A30EE200A2B
:1002C000D0ED060A30EE200A80ED070A04E09FED2B
:1002D000270A254880ED070A234890ED071AB1EE5A
:1002E000411ADFED231A21EE211AF0EE410A2148CE
:1002F000B0F9040001EE100AB8EEC11ADFED1C1AC5
:1003000021EE211AB0EE410A1B48FDF74DFADFED50
:100310001B0A20EE200ABDEEC00A134880ED090A30
:1003200090ED071ADFED121A21EE211AF0EE410AC4
:100330001348B0F9040001EE100AB8EEC11ADFED5F
:100340000C1A21EE211AB0EE410A0E48FDF72CFAE4
:10035000DFED0A0A20EE200ABDEEC00A024880ED59
:100360000A0A10BD98060020C8AF00200000000057
:100370007077D63DB4A500206CB0002094DD4C47CA
:10038000D8A50020BCB000204A780B7842EA0322AE
:1003900012B20280028802847047000010B59FEDFF
:1003A000D60AD64880ED000A9FEDD50A80ED010AF5
:1003B0009FEDD40A80ED020A9FEDD30A80ED030A77
:1003C0000020D2494870D249C88488840120888599
:1003D000888600204887CF499FEDCF0ACF48FFF796
:1003E0007FFECF499FEDCC0ACE48FFF779FEF2EEB3
:1003F000060A9FEDCD0ACD48F7F780FE9FEDCC1A97
:10040000DFEDC00A9FEDCB0ACB48FFF723FEB3EE2A
:10041000091ADFEDBC0AB1EE0E0AC848FFF71AFE52
:100420009FEDC71ADFEDB70A9FEDC60AC648FFF772
:1004300011FEB1EE041ADFEDB30AB0EE000AC348B4
:10044000FFF708FE9FEDAF1ADFEDAE0A9FEDAD0A94
:10045000BF48FFF7FFFDB1EE042ADFEDAA1A9FEDBA
:10046000A91ADFEDA80A9FEDBB0A0021BA48F9F7E7
:10047000FDFC9FEDBA2AF2EE041A9FEDA21ADFED01
:10048000A10AB3EE0E0A0021B548F9F7EFFCB1EE70
:10049000042ADFED9C1A9FED9B1ADFED9A0A9FED6F
:1004A000B10A0021B048F9F7E1FC9FEDAC2ADFED7D
:1004B000951A9FED941ADFED930AB3EE040A00211A
:1004C000AA48F9F7D3FCB1EE0C2ADFED8E1A9FEDA6
:1004D0008D1ADFED8C0AB6EE000A0021A448F9F768
:1004E000C5FCB1EE042ADFED871A9FED861ADFED19
:1004F000850A9FED980A00219E48F9F7B7FCB1EEF6
:100500000C2ADFED801A9FED881ADFED7E0A9FED41
:10051000950A00219848F9F7A9FCB1EE042ADFED0D
:10052000791A9FED781ADFED770A9FED940A002182
:100530009348F9F79BFCB1EE0C2AF7EE001A9FEDF9
:10054000711ADFED900AB3EE020A00218E48F9F726
:100550008DFCB1EE042ADFED6B1A9FED6A1ADFED18
:10056000690A9FED8A0A00218948F9F77FFCB1EEFC
:10057000002ADFED641A9FED631ADFED620AB6EE22
:10058000000A00218348F9F771FCB0EE002ADFED84
:100590005D1A9FED5C1ADFED5B0AB6EE000A0021E2
:1005A0007D48F9F763FCB1EE0C2ADFED561A9FED9A
:1005B000551ADFED540A9FED670A00217748F9F7D5
:1005C00055FCB0EE082ADFED4F1A9FED4E1ADFED15
:1005D0004D0A9FED600A00217148F9F747FCB1EE22
:1005E0000C2ADFED481A9FED471ADFED460A9FED12
:1005F000630A00216B48F9F739FCB1EE042ADFEDFC
:10060000411A9FED401ADFED3F0A9FED670A002176
:100610006648F9F72BFCB2EE042ADFED3A1A9FED9B
:10062000391ADFED630A9FED630A00216248F9F78A
:100630001DFCB1EE002ADFED331A9FED321ADFED1B
:100640005C0AB7EE000A00215C48F9F70FFCB1EE36
:10065000042ADFED2C1A9FED2B1ADFED590AB6EEB6
:10066000000A00215748F9F701FCB0EE082ADFED37
:10067000301A9FED241ADFED540AB7EE000A00216C
:100680005248F9F7F3FBB1EE0C2ADFED1E1A9FED8D
:100690001D1ADFED470A9FED390A00214C48F9F792
:1006A000E5FBB0EE082AF7EE001A9FED161ADFED13
:1006B000400A9FED2C0A00214648F9F7D7FBB1EE1E
:1006C0000C2AF7EE001A9FED0F1ADFED390A9FEDA5
:1006D000420A00214148F9F7C9FBB0EE082ADFEDD4
:1006E000091A9FED081ADFED070A9FED3D0A002168
:1006F0003C48F9F7BBFB10BDE63F243D18A800209D
:100700000C93293E00000000BDE3943D98060020B4
:10071000BCA7002074060020295C8F3E74A800202E
:100720007806002064A80020CDCCCC3D34A8002061
:100730009A99993E8FC2F53D84A80020A0A8002078
:10074000CDCC4C3F17B7513ABCA80020D8A8002008
:10075000F4A800203333333F10A9002000004842A2
:100760004CA90020CDCCCC3E88A90020C4A90020F3
:1007700000AA00203CAA002078AA00209A99193FDC
:10078000B4AA00200AD7233CF0AA00207B142E3EF6
:100790002CAB002068AB0020A4AB0020E0AB002015
:1007A0001CAC002058AC00206666663F94AC00206C
:1007B0006F12833A5C8FC23ED0AC00200CAD00209B
:1007C000A69B443B48AD00204260E53B84AD002041
:1007D000C0AD0020FCAD00206666E63E38AE0020CD
:1007E0009A99993F74AE002010B50D48407830B109
:1007F000012807D0022808D003280CD108E000F017
:1008000093F80BE000F0BAF808E000F05BF905E0BF
:1008100000F008F802E000F087F800BF00BF10BD4C
:100820009806002010B52DED048B9FED330A334858
:1008300080ED000A012031498887314890ED050A92
:10084000DFED2D0A30EE600A2E4880ED000A90EDB3
:10085000000ADFED2D0AB4EEE00AF1EE10FA08DD31
:1008600090ED000ADFED290A30EE600A80ED000A03
:1008700011E0244890ED000ADFED250AB4EEE00A0D
:10088000F1EE10FA07D290ED000ADFED200A30EE0B
:10089000200A80ED000A1B48006805F0B7F841EC1B
:1008A000190BB0EE490AF0EE690AFDF775FCB0EEDF
:1008B000408AF0EE608A9FED170B53EC102B51EC41
:1008C000180B04F069FA04D29FED140A0B4880ED6E
:1008D000100A0A48008F28B19FED110A074880EDE1
:1008E000010A04E09FED0F0A044880ED010A02F0BE
:1008F00099FEBDEC048B10BD3D0AB73FBCA700209C
:1009000024A5002088060020D00F4940560EC9407B
:10091000D00F49C0000000A09999A93F85EB014084
:100920000000FE420000000010B5114890ED1E0AC4
:10093000104880ED000A0E4890ED1D0A0D4880ED2C
:10094000010A9FED0D0A80ED100AD0ED000AB0EE0D
:10095000600A03F035FD074880ED000AD0ED010A7A
:10096000B0EE600A01F076F8024880ED010A10BD91
:10097000F8A20020BCA70020C3F5A83F10B5484846
:10098000808F01280CD1474890ED1E0A444880ED25
:10099000000A9FED450A80ED010A00204049888742
:1009A00002F040FE3E48408FC0B93D48C08DA8B916
:1009B0003B48808D012811D13C49B1F9140000F069
:1009C000A9FF00EE100AF8EEC00A354890ED000AC3
:1009D0009FED371A00EEC10A80ED000A3048408FC3
:1009E00001281ED12E48C08DD8B92D48808D0128F0
:1009F00017D12E49B1F9140000F08CFF00EE100A57
:100A0000B8EEC00ADFED2A0A20EE200AB0EE081A7E
:100A1000C0EE010A224890ED000A30EE600A80ED37
:100A2000000A1F48D0ED000AB0EE600A03F0C8FCCF
:100A30001B4880ED000AD0ED000AB0EE600A1D48A8
:100A4000FFF71FFB164880ED040A9FED1B0A80ED9F
:100A5000100A1649B1F9160000F05CFF00EE100A0A
:100A6000F8EEC00A0E4890ED010A9FED141A00EE50
:100A7000C10A80ED010AD0ED010AB0EE600A00F073
:100A8000E9FF074880ED010AD0ED010AB0EE600AE7
:100A90000B48FFF7F6FA024880ED050A10BD00008A
:100AA000BCA70020F8A200200000000028A700201A
:100AB00052499D3974A80020C3F5A83F52491D3AF8
:100AC00064A8002010B54C48808F01280DD14B48F8
:100AD00090ED1E0A484880ED000A002046498887AC
:100AE0009FED470A084680ED010AF5F78FFEE0B357
:100AF00044488078012809D13F4890ED020A80EDF2
:100B0000000A90ED030A80ED010A5CE03D48807820
:100B1000022803D03B488078032809D1364890ED5D
:100B2000020A80ED000A90ED030A80ED010A4AE016
:100B30003549B1F9140000F0EDFE00EE100AF8EEB0
:100B4000C00A2D4890ED000A9FED301A00EEC10A50
:100B500080ED000A2C49B1F9160000F0DBFE00EE32
:100B6000100AF8EEC00A244800E008E090ED010AFF
:100B70009FED271A00EEC10A80ED010A23E0224909
:100B8000B1F9140000F0C6FE00EE100AF8EEC00A3B
:100B9000194890ED000A9FED1D1A00EEC10A80ED84
:100BA000000A1949B1F9160000F0B4FE00EE100A6F
:100BB000F8EEC00A104890ED010A9FED151A00EEFC
:100BC000C10A80ED010A9FED130A0B4880ED100A5F
:100BD000D0ED000AB0EE600A03F0F2FB064880EDAB
:100BE000000AD0ED010AB0EE600A00F033FF0248BF
:100BF00080ED010A10BD0000BCA70020F8A2002073
:100C0000000000009806002028A7002052499D39C6
:100C100052491D3AC3F5A83F10B50D48407830B190
:100C2000012807D0022808D003280CD108E000F0E2
:100C300091F80BE000F0B8F808E000F011F905E0D9
:100C400000F008F802E000F085F800BF00BF10BD1A
:100C50009806002010B52DED048B9FED320A324826
:100C600080ED000A012030498887304890ED050A60
:100C7000DFED2C0A30EE600A2D4880ED000A90ED81
:100C8000000ADFED2C0AB4EEE00AF1EE10FA08DDFE
:100C900090ED000ADFED280A30EE600A80ED000AD0
:100CA00011E0234890ED000ADFED240AB4EEE00ADB
:100CB000F1EE10FA07D290ED000ADFED1F0A30EED8
:100CC000200A80ED000A1A48006804F09FFE41ECFB
:100CD000190BB0EE490AF0EE690AFDF75DFAB0EEC5
:100CE000408AF0EE608A9FED160B53EC102B51EC0E
:100CF000180B04F051F804D29FED130A0A4880ED56
:100D0000100A0948008F28B19FED100A064880EDAF
:100D1000010A04E09FED0E0A034880ED010ABDECD4
:100D2000048B10BD3D0AB73FBCA7002024A50020BE
:100D300084060020D00F4940560EC940D00F49C04C
:100D4000000000A09999A93F85EB01400000FE42F8
:100D50000000000010B5114890ED1E0A104880ED0B
:100D6000000A0E4890ED1D0A0D4880ED010A9FED26
:100D70000D0A80ED100AD0ED010AB0EE600A00F015
:100D800069FE074880ED010AD0ED000AB0EE600A66
:100D900003F016FB024880ED000A10BDF8A2002007
:100DA000BCA70020C3F5A83F10B52648808F0128B6
:100DB0000CD1254890ED1E0A224880ED000A9FEDD7
:100DC000230A80ED010A00201E4988871D48408FB4
:100DD00080B91C4890ED000A1D48B0F9040000EEEF
:100DE000900AF8EEE00A9FED1B1A00EEC10A1548C2
:100DF00080ED000A9FED180A124880ED100A90ED70
:100E0000010A1348B0F9060000EE900AF8EEE00A75
:100E10009FED121A00EEC10A0A4880ED010AD0EDDA
:100E2000000AB0EE600A03F0CBFA064880ED000A33
:100E3000D0ED010AB0EE600A00F00CFE014880ED32
:100E4000010A10BDBCA70020F8A20020000000008D
:100E500028A7002052491D3AC3F5A83F17B7D1383B
:100E600010B53748808F01280DD1364890ED1E0A05
:100E7000334880ED000A0020314988879FED320A0F
:100E8000084680ED010AF5F7C1FCF8B12F488078DB
:100E9000012809D12A4890ED020A80ED000A90ED60
:100EA000030A80ED010A32E028488078022803D046
:100EB0002648807803282AD1214890ED020A80ED47
:100EC000000A90ED030A80ED010A20E01C4890ED35
:100ED000000A1F48B0F9040000EE900AF8EEE00A9C
:100EE0009FED1C1A00EEC10A154880ED000A90ED36
:100EF000010A1748B0F9060000EE900AF8EEE00A81
:100F00009FED151A00EEC10A0D4880ED010A9FED14
:100F1000130A0B4880ED100AD0ED000AB0EE600A0B
:100F200003F04EFA064880ED000AD0ED010AB0EE5B
:100F3000600A00F08FFD024880ED010A10BD00003C
:100F4000BCA70020F8A200200000000098060020A6
:100F500028A7002052491D3A17B7D138C3F5A83F3A
:100F600010B52748007A012802D001F0B3FD18B16E
:100F70000020244948701DE02348C07E58B922480B
:100F800090F83C0018B901201E49487012E0032077
:100F90001C4948700EE01D48808D01280AD119486F
:100FA0004078032806D01948C08E012802D10220BB
:100FB00014494870144890F83100012802D11349AF
:100FC000C88402E000201149C8840F4890F82A0024
:100FD000012810D10D48808D01280CD10948407896
:100FE000012803D007484078032804D1012007498D
:100FF000C88500208885034840780449888410BD4E
:1010000020A600209806002028A70020BCA70020CA
:1010100010B52DED048BFE48407800287CD00128C7
:1010200004D0022879D0032878D1EBE0F848007882
:10103000002875D1F74890ED011AF0EE410AF64804
:1010400090ED1D1AB0EE410AF448F8F72FFEF34870
:1010500090ED081AF0EE410AEF4890ED051AB0EE57
:10106000410AEF48F8F722FEF0EE408A00F08AFBD2
:1010700038EE800AE74880ED080A808D012825D1E6
:10108000E44890ED001AF0EE410AE34890ED1E1A94
:10109000B0EE410A01F0E8FCB0EE408AF0EE480AFA
:1010A0009FEDE00AE048F8F701FEDF4890ED081AEE
:1010B000F0EE410AD84890ED061AB0EE410ADB483E
:1010C000F8F7F4FDD34880ED070A9AE0D14890ED97
:1010D000001AF0EE410AD04890ED1E1AB0EE410A17
:1010E00001F0C2FCB0EE408AF0EE480A9FEDCD0A56
:1010F000CF48F8F7DBFDCE4890ED081AF0EE410A34
:10110000C54890ED061AB0EE410ACA48F8F7CEFD80
:10111000C04880ED070A74E094E2CFE09CE2FFE76C
:10112000BC4890ED051AF0EE410ABB4890ED1D1A3F
:10113000B0EE410AB948F8F7B9FDB84890ED081A81
:10114000F0EE410AB44890ED051AB0EE410AB448F9
:10115000F8F7ACFDF0EE408A00F014FB38EE800AA0
:10116000AC4880ED080A808D012825D1A94890ED72
:10117000041AF0EE410AA84890ED1E1AB0EE410A9A
:1011800001F072FCB0EE408AF0EE480A9FEDA50A2D
:10119000A548F8F78BFDA44890ED081AF0EE410A37
:1011A0009D4890ED061AB0EE410AA048F8F77EFD82
:1011B000984880ED070A24E0964890ED041AF0EE76
:1011C000410A954890ED1E1AB0EE410A01F04CFC20
:1011D000B0EE408AF0EE480A9FED920A9448F8F784
:1011E00065FD934890ED081AF0EE410A8A4890EDAB
:1011F000061AB0EE410A8F48F8F758FD854880ED91
:10120000070A2AE28348008FE8B1824890ED011A6C
:10121000F0EE410A884890ED081AB0EE410A87487E
:10122000F8F744FD7D4890ED081AF0EE410A7A483F
:1012300090ED051AB0EE410A8148F8F737FD754880
:1012400080ED080A1CE0734890ED011AF0EE410AA7
:10125000714890ED1D1AB0EE410A7048F8F726FD6E
:101260006E4890ED081AF0EE410A6B4890ED051AB1
:10127000B0EE410A6A48F8F719FD664880ED080AA1
:10128000644890ED001AF0EE410A6E4890ED051AA0
:10129000B0EE410A6C48F8F709FD6B4890ED081A6A
:1012A000F0EE410A5C4890ED061AB0EE410A5F4844
:1012B000F8F7FCFC574880ED070ACEE154488078E7
:1012C00000287CD0012804D0022879D0032878D1C6
:1012D0005FE0504890ED011AF0EE410A4E4890ED63
:1012E0001D1AB0EE410A5948F8F7E0FC574890ED56
:1012F000081AF0EE410A484890ED051AB0EE410A8E
:101300005348F8F7D3FCF0EE408A00F03BFA38EE91
:10131000800A404880ED080A90ED001AF0EE410A7C
:101320003D4890ED1E1AB0EE410A01F09DFBB0EE73
:10133000408AF0EE480A9FED3B0A4648F8F7B6FCB3
:101340004548D0F81F0000EE100A4448FEF740FE62
:101350004048D0ED080A30EE200AF0EE408A2E48D0
:10136000D0ED060AB0EE600AF0EE680A3C48F8F7E5
:101370009DFCB0EE409A3848D0F8270000EE100AE5
:101380003848FEF725FE39EE000A224880ED070AAC
:1013900056E1204890ED011AF0EE410A1E4890ED0A
:1013A0001D1AB0EE410A3048F8F780FC2E4890ED47
:1013B000081AF0EE410A184890ED051A02E0AFE075
:1013C00066E0F5E0B0EE410A2848F8F76FFCF0EE71
:1013D000408A00F0D7F938EE800A0E4880ED080AFE
:1013E00090ED001AF0EE410A0B4890ED1E1AB0EE97
:1013F000410A01F039FBB0EE408AF0EE480A9FED59
:10140000090A1B48F8F752FC194890ED081A31E018
:1014100098060020BCA70020F8A2002078AA00208F
:10142000B4AA00200000000000AA00203CAA00206E
:10143000E0AB00201CAC00206CA5002068AB0020B5
:10144000A4AB002024A50020F0AA002048AD002075
:1014500084AD0020D0AC002068AF002084A800201C
:101460000CAD0020BCA8002038AE002074AE0020D7
:10147000C0AD0020F0EE410A7A4890ED061AB0EEB9
:10148000410A7948F8F712FC784880ED070AD7E05E
:10149000764890ED011AF0EE410A724890ED1D1A5F
:1014A000B0EE410A7248F8F701FC714890ED081A55
:1014B000F0EE410A6B4890ED051AB0EE410A6D4816
:1014C000F8F7F4FBF0EE408A00F05CF938EE800AA1
:1014D000664880ED080A90ED001AF0EE410A614876
:1014E00090ED1E1AB0EE410A01F0BEFAB0EE408A4D
:1014F000F0EE480A1FED350A5F48F8F7D7FB5E4863
:1015000090ED081AF0EE410A564890ED061AB0EE3A
:10151000410A5548F8F7CAFB544880ED070A8FE0A6
:10152000524890ED051AF0EE410A4E4890ED1D1A12
:10153000B0EE410A5148F8F7B9FB504890ED081A4F
:10154000F0EE410A474890ED051AB0EE410A4C48CA
:10155000F8F7ACFBF0EE408A00F014F938EE800AA0
:10156000424880ED080A90ED001AF0EE410A3D482D
:1015700090ED1E1AB0EE410A01F076FAB0EE408A04
:10158000F0EE480A1FED590A3E48F8F78FFB3D4838
:1015900090ED081AF0EE410A324890ED061AB0EECE
:1015A000410A3948F8F782FB304880ED070A47E0E6
:1015B0002E4890ED051AF0EE410A2A4890ED1D1ACA
:1015C000B0EE410A2D48F8F771FB2C4890ED081A4F
:1015D000F0EE410A234890ED051AB0EE410A284882
:1015E000F8F764FBF0EE408A00F0CCF838EE800AA1
:1015F0001E4880ED080A90ED001AF0EE410A1948E5
:1016000090ED1E1AB0EE410A01F02EFAB0EE408ABB
:10161000F0EE480A1FED7D0A1A48F8F747FB194813
:1016200090ED081AF0EE410A0E4890ED061AB0EE61
:10163000410A1548F8F73AFB0C4880ED070A00BF4D
:1016400000BF0AE01FED890A084880ED070A1FED78
:101650008B0A80ED080A00E000BF00BFBDEC048BE0
:1016600010BD0000F8A20020FCAD0020BCA70020A7
:1016700038AE002074AE0020C0AD002078AA002053
:10168000B4AA002000AA00203CAA002010B52148DE
:10169000007A012802D001F01DFA10B100201E4985
:1016A00048701C48007A80BB01F014FA68BB1B48E4
:1016B000C07A01280BD01948807A012803D0012074
:1016C0001549487006E001201349487002E00220E5
:1016D000114948701148C07A01280DD11048808CFA
:1016E000032809D10E48C08E18B901200A49487054
:1016F00002E00220084948700948808C28B9064851
:10170000407810B101200649C88403484078044954
:10171000888410BD20A600209806002028A700205D
:10172000BCA70020FEF73AFE0A2002F0CBF900BF6A
:101730001048007810B1012806D102E0FFF76CFADA
:1017400003E0FFF751F800E000BF00BFFEF72EFDF9
:10175000FFF75EFC02F076FD01F0BCF90548407829
:10176000054988840548006805490860012002F0A1
:10177000A9F9DDE798060020BCA700209C05002001
:101780007C06002010B52DED028B0B4890ED1D0A54
:101790009FED0A1AC0EE010A9FED090A20EE800AA9
:1017A000B0EE408AEEF7E4FDDFED060A20EE200AF7
:1017B000BDEC028B10BD0000F8A2002000003443F5
:1017C000DB0F49403333F3BFF0EE400AF6EE001A68
:1017D00060EEA11AB0EE611AB0EE600A10EE100AC7
:1017E0000749A1EB600000EE100A21EE002AF7EE97
:1017F000081A42EE401A61EE801AB0EE610A704794
:10180000865A375FF2F77AF8F8F7BCFDF7F7B4FBC2
:10181000F7F7B6FAF7F710FDF7F732FDF7F768FAC2
:10182000F7F78AFAF7F78EFDF7F7AAFDF7F75EFDEF
:10183000F7F7E8FCF7F7C0FD00F076FD0122110391
:101840000B48F2F743F8FDF743FDFDF761FDA820D3
:10185000F0F75AFD00BF01210648EFF713FF0028FB
:10186000F9D1F7F7E9FA00F06FF800BFFEE70000E2
:10187000001C0240E809002001460020842901D014
:10188000CA1C104470470000002006490870887187
:1018900048714870C8700871887001200249087248
:1018A000704700009806002020A60020FFF7ECFFFC
:1018B0000A2002F007F900BF01F080F901F020FAD8
:1018C0001348007840B9FDF7FBFDFFF7DFFE02F09B
:1018D000F3F901F013F816E00D48007801280AD159
:1018E000FDF79CFDFFF73CFB02F0C0F900F0E0FFC4
:1018F000FDF74AFE07E0FDF7E3FDFFF7C7FE02F044
:10190000DBF900F0FBFF012002F0DCF8D4E7000077
:1019100098060020B0F57A6F02DD4FF47A6003E09C
:1019200010F57A6F00DA01487047000060F0FFFFA1
:1019300070B5044625460DB1294600E00121084650
:1019400002F0C0F8002070BD10B502F0E9F80020E8
:1019500010BD7FB504460D46606998B1A06988B195
:10196000B4F90800FFF788FF0646D4E90510CDE971
:10197000006102902B462269D4E9001002F0B0FA0F
:10198000039013E0B4F90800FFF776FF064603A8BA
:10199000CDE90060238A9AB22B46D4E9001002F008
:1019A0006DFA012802D0002004B070BD0398FBE757
:1019B00010B523484078E8B1224890ED080AB0EE0F
:1019C000402ADFED211A9FED201ADFED1F0A9FED5F
:1019D0001E0A04211D48FDF7F9FD1A48D0ED100A32
:1019E000B0EE600AF2EE040A40F203111748F0F775
:1019F000D6FB19E09FED142ADFED131A9FED121AA2
:101A0000DFED110A9FED100A04211048FDF7DEFDFD
:101A10000C48D0ED100AB0EE600ADFED0B0A40F280
:101A200003110A48F0F7BBFB094890F82800012889
:101A300004D140F203110548FDF7B4FE10BD0000CB
:101A400098060020BCA700200000000078090020B4
:101A500028A7002010B52DED068BB0EE408AB3EE1E
:101A6000030AB4EEC08AF1EE10FA04DDB3EE030A05
:101A7000B0EE408A58E02F4890ED050ADFED2E0ABF
:101A800030EE600A10EE101A084603F0BFFF41EC7A
:101A90001A0BB0EE4A0AF0EE6A0AFCF77DFBB0EED4
:101AA000409AF0EE609A9FED250B53EC102B51EC11
:101AB000190B03F071F90BD29FED220AB4EEC08A24
:101AC000F1EE10FA04D29FED1F0AB0EE408A2BE02F
:101AD000184890ED050ADFED180A30EE600A10EEA6
:101AE000101A084603F092FF41EC1A0BB0EE4A0AB6
:101AF000F0EE6A0AFCF750FBB0EE409AF0EE609A06
:101B00009FED0E0B53EC102B51EC190B03F01FFB48
:101B10000AD8BBEE030AB4EEC08AF1EE10FA03D283
:101B2000BBEE030AB0EE408AB0EE480ABDEC068B6D
:101B300010BD000024A500203D0AB73F000000A012
:101B40009999D93F000014C22DE9F04105460E468F
:101B50001C4807681C480068001D01F09BFE50B936
:101B60001948006890F82C1001208840174909682E
:101B7000814316480160681C38B936B112480168C3
:101B8000091D134801F0E4FE1AE07C190E480068B4
:101B90004460BC4207D20C480168091D0D4800682A
:101BA00001F0BCFE0CE008480168091D0A48006805
:101BB00001F0B4FE09480068844201D2074804607D
:101BC000BDE8F081C0000020AC000020C40000206F
:101BD000042B0020B4000020B0000020DC00002016
:101BE00010B5044601F0C0FE24480068401C23499B
:101BF00008602348006840B921480460084600682E
:101C000001280DD100F046F90AE01E48006838B9F5
:101C10001B480068C06AE16A884201D8184804601D
:101C200019480068401C184908600846006860644C
:101C300094F82C100120884014490968084313497E
:101C40000860E16A01EB8101114A02EB8100211D6C
:101C500001F07EFE01F0B2FE0A48006868B1084853
:101C60000068C06AE16A884207D24FF08050094993
:101C70000860BFF34F8FBFF36F8F10BDBC00002013
:101C8000AC000020C8000020D8000020C4000020C4
:101C9000282A002004ED00E010B516E001F064FEF3
:101CA0000C48C068C468201D01F0F4FD0A480068B3
:101CB000401E0949086009480068401E074908603D
:101CC00001F07CFE204600F00BF804480068002874
:101CD000E4D110BDF02A0020BC000020B800002094
:101CE00010B5044694F8590030B9206B01F084FE19
:101CF000204601F081FE1AE094F85900012803D132
:101D0000204601F079FE12E094F85900022801D132
:101D1000012000E0002050B900BF502080F311885E
:101D2000BFF34F8FBFF36F8F00BF00BFFEE710BD43
:101D300030B547F23053174800F007042CB1C01DEE
:101D400020F00700134C041B1B1B0246124C2260A0
:101D50000024114D6C60D018083820F007000F4C9B
:101D6000206000240D4D2D686C600C4D2D682C609A
:101D70001146441A4C60094C24680C60084D4C68AC
:101D80002C60084D4C682C604FF00044064D2C60D0
:101D900030BD0000182B0020E8000020F0000020DB
:101DA000F8000020F40000200401002000BFFFF72D
:101DB00073FF064800680128F9D94FF080500449A4
:101DC0000860BFF34F8FBFF36F8FF0E7282A002022
:101DD00004ED00E02DE9F05F82460E4690469B46FA
:101DE0000A9F0C9C4FEA8801A522206BEFF7EAF8C6
:101DF000A8F10100216B01EB800929F0070909F026
:101E0000070008B9012000E0002050B900BF5020B1
:101E100080F31188BFF34F8FBFF36F8F00BF00BFF8
:101E2000FEE786B1002507E0715D04F134004155FD
:101E3000705D00B902E06D1C102DF5D300BF0021CC
:101E40004320015502E0002084F83400072F00D31E
:101E50000627E762E76400202065201D01F05BFD96
:101E600004F1180001F057FD2461C7F10700A061DB
:101E700064620020606584F858005A46514648461E
:101E800000F05CF920600B9808B10B980460BDE885
:101E9000F09F000010B5002407E004EB84010F4A16
:101EA00002EB810001F02AFD641C072CF5D30C48DD
:101EB00001F024FD0B4801F021FD0B4801F01EFD4F
:101EC0000A4801F01BFD0A4801F018FD04480949C1
:101ED000086004480849086010BD0000282A002056
:101EE000B42A0020C82A0020DC2A0020F02A002082
:101EF000042B0020B0000020B400002010B50146E3
:101F0000164800E0006803688B42FBD30246436832
:101F100013448B4204D143684C6823444360014618
:101F20000A464B6813440468A34211D10C4C036861
:101F30002468A34208D04B680468646823444B605B
:101F400003681B680B6005E0054B1B680B6001E034
:101F500003680B60884200D0016010BDE8000020DB
:101F6000F00000200A490968096809B9012100E068
:101F7000002121B14FF0FF31064A116006E004490B
:101F80000968C968C868034A416811607047000061
:101F9000B0000020DC0000200246002101E0521CBD
:101FA000491C1078A528FAD0890888B2704700002B
:101FB0000E480068401C08B9012000E0002050B91C
:101FC00000BF502080F31188BFF34F8FBFF36F8F96
:101FD00000BF00BFFEE700BF502080F31188BFF3B1
:101FE0004F8FBFF36F8F00BF00BFFEE708010020D7
:101FF0002DE9F04104464FF0000801F0E9FD4948A1
:10200000006808B9FFF794FE4748006820400028A0
:1020100070D1D4B1083404F00700B0B104F0070067
:10202000C0F10800044404F0070008B9012000E0F2
:10203000002050B900BF502080F31188BFF34F8FAC
:10204000BFF36F8F00BF00BFFEE7002C52D03748B0
:10205000006884424ED8364E3046056801E02E4670
:102060002D686868A04202D228680028F7D12D4860
:10207000006885423ED0306800F10808286830606A
:102080006868001B102819D92F1907F0070008B934
:10209000012000E0002050B900BF502080F31188DB
:1020A000BFF34F8FBFF36F8F00BF00BFFEE76868BD
:1020B000001B78606C603846FFF720FF1B4968689A
:1020C0000968081A1949086008460068194909682A
:1020D000884203D2154800681649086012496868AA
:1020E0000968084368600020286013480068401CA5
:1020F0001149086001F0F6FF08F0070008B9012057
:1021000000E0002050B900BF502080F31188BFF3D9
:102110004F8FBFF36F8F00BF00BFFEE74046BDE8A3
:10212000F0810000F000002004010020F4000020F5
:10213000E8000020F8000020FC000020001F4FF005
:1021400080730360001F21F001030360001F054B33
:10215000036014380260001F6FF002030360203830
:1021600070470000B11F010810B58CB004462078FC
:1021700001287CD1002035E0411C615C0BAA115480
:1021800000F10B01615C0AAA1154C11D615C09AA2E
:10219000115400F10F01615C08AA115400F1130100
:1021A000615C07AA115400F11701615C06AA115481
:1021B00000F11B01615C05AA115400F11F01615C73
:1021C00004AA115400F12301615C03AA115400F127
:1021D0002701615C02AA115400F12B01615C01AA84
:1021E0001154401C0428C7DB49490B98C1F8010071
:1021F0000A98C1F80B000998C1F807000898C1F8BF
:102200000F000798C1F813000698C1F81700059849
:10221000C1F81B000498C1F81F000398C1F82300FF
:102220000298C1F827000198C1F82B006079487125
:10223000A079887194F8270081F82F00084640792A
:10224000A0B30846D0F80B0000EE100ADFED310A0B
:10225000B4EEE00AF1EE10FA0DDC0846D0F80B00FF
:1022600000EE100ADFED2C0AB4EEE00A00E04CE0CC
:10227000F1EE10FA06D2294890ED1E0A284880EDAA
:10228000020A04E02248D0F80B0025498860204863
:10229000D0F8070000EE900AF1EE600AB0EE600A96
:1022A000FFF7D8FB1E4880ED030A0CE0FFE71B4850
:1022B00090ED1E0A1A4880ED020A184890ED1D0A9A
:1022C000174880ED030A1648D0ED160A1048D0F8DA
:1022D0000B0000EE100AF4EE400AF1EE10FA05D100
:1022E00010480068401C0F49086002E000200D49BA
:1022F00008600C480068B0F5FA7F03DD012008494A
:10230000088302E00020064908830CB010BD0000DD
:1023100068AF002000003443000034C3F8A200205E
:10232000BCA70020C806002010B524220249A1F154
:102330002400F7F703FE10BD98A7002000B5034660
:102340000A4603B102B900BD1878597840EA012065
:10235000C0F30A0010805878C010997840EA411004
:10236000C0F30A00508098788011D97840EA810043
:10237000197940EA8120C0F30A0090801879401052
:10238000597940EAC110C0F30A00D0805879C0F3EF
:102390000111D1725879001180089072187C597C13
:1023A00040EA0120D0609879D97940EA012000B252
:1023B0009082187A597A40EA012001B2D182987A43
:1023C000D97A40EA012001B21183197B9176597BB9
:1023D000D176987BD97B40EA01201084987B00F06D
:1023E000010122208154987BC0F3400123208154B5
:1023F000987BC0F3800124208154987BC0F3C001F6
:1024000025208154987BC0F3001126208154987BAD
:10241000C0F3401127208154987BC0F380112820FD
:102420008154987BC10929208154D87B00F0010197
:102430002A208154D87BC0F340012B208154D87BC3
:10244000C0F380012C208154D87BC0F3C0012D2023
:102450008154D87BC0F300112E208154D87BC0F367
:1024600040112F208154D87BC0F38011302081543B
:10247000D87BC109312081541088A0F5806000B25A
:1024800010805088A0F5806000B250809088A0F540
:10249000806000B29080D088A0F5806000B2D080CB
:1024A000D068A0F58060D0602D20805C01280AD122
:1024B0003220805C38B93B20805C08B9012100E003
:1024C00000213B2081542D20815C322081542E201C
:1024D000805C01280AD13320805C38B93C20805CC4
:1024E00008B9012100E000213C2081542E20815CAC
:1024F000332081542F20805C01280AD13420805C55
:1025000038B93D20805C08B9012100E000213D2060
:1025100081542F20815C342081543020805C01283C
:102520000AD13520805C38B93E20805C08B9012191
:1025300000E000213E2081543020815C3520815410
:102540002720805C01280AD13620805C38B93F20E2
:10255000805C08B9012100E000213F208154272040
:10256000815C362081542820805C01280AD13720E4
:10257000805C38B992F8400008B9012100E00021E0
:1025800082F840102820815C372081542C20805C08
:1025900001280AD13820805C38B992F8410008B986
:1025A000012100E0002182F841102C20815C3820BC
:1025B00081542920805C01280AD13920805C38B9F7
:1025C00092F8420008B9012100E0002182F842108F
:1025D0002920815C392081542B20805C01280AD17C
:1025E0003A20805C38B992F8430008B9012100E034
:1025F000002182F843102B20815C3A208154FBF7A4
:1026000081FAF5F741FD00BF9DE600001E2001F0B4
:1026100059FA00BFFDF77EF90B48007848B901F080
:10262000E3FDFFF7C5F9012001F04CFA00F090F846
:1026300005E0EFF7FBFFEFF7C9FFEFF7E9FF012038
:1026400001F040FAE6E700007805002010B52348C5
:1026500001F0C2F822482149097801701F49D1F8D8
:102660000110C0F801101D49D1F80510C0F805107F
:102670001A49D1F80910C0F809101849D1F80D10FD
:10268000C0F80D101549D1F81110C0F811101349F8
:10269000D1F81510C0F815101049D1F81910C0F86C
:1026A00019100E49D1F81D10C0F81D100B49D1F8B2
:1026B0002110C0F821100949D1F82510C0F82510C3
:1026C0000649D1F82910C0F82910044991F82D10B5
:1026D00080F82D102E21EFF783F910BD98AF002060
:1026E000DBAE00202DE9F04389B081460E4614464A
:1026F0001D46DDE91078039600200590069008201D
:102700000790200A8DF80400E0B28DF80500280A31
:102710008DF80600E8B28DF80700380A8DF8080039
:10272000F8B28DF809004FEA18208DF80A0008F079
:10273000FF008DF80B006B4601AA03A94846EFF78E
:10274000FAFF0249087009B0BDE8F08324050020B3
:102750001CB51548007AB0B900211448008D00B2AC
:10276000CDE900011148808C03B2114890ED0D0AAB
:10277000BDEEC00A10EE100A02B240F2FF110D4881
:10278000FFF7B0FF0EE000210848008D00B2CDE950
:1027900000010648808C03B20A4640F2FF1105484A
:1027A000FFF7A0FF1CBD000020A60020C8AF00203E
:1027B0000CB10020A009002010B59FED272ADFED05
:1027C000271A9FED261ADFED250AB1EE040A002133
:1027D0002348F7F74BFB9FED202ADFED201A9FEDF2
:1027E0001F1ADFED1E0AB1EE040A00211D48F7F79B
:1027F0003DFB9FED1A5ADFED1C4A9FED1C4ADFEDB1
:102800001C3A9FED1C3ADFED1C2A9FED1C2AF2EECC
:10281000041A9FED1B1ADFED1B0A9FED1B0A1B48D4
:10282000FBF708F99FED0D5ADFED0F4A9FED0F4AB8
:10283000DFED0F3A9FED0F3ADFED0F2A9FED142ADF
:10284000F2EE041A9FED0E1ADFED0E0A9FED0E0A4E
:102850001048FBF7EFF810BD00401C4600000000D8
:10286000F4AF002030B0002095BFD6336F12833A0A
:10287000233ABA37000048429A99993E0000F04244
:1028800000806D453333333F000016436CB00020A9
:102890000000C842BCB000200448B0F90400B0F504
:1028A0007A6F01DA002070470120FCE7B4A5002010
:1028B000094890F83D0001280AD10848007A38B943
:1028C00007484078032803D001200549C87002E07A
:1028D00000200349C870704728A7002020A60020C8
:1028E000980600200448B0F9040010F57A6F01DD65
:1028F000002070470120FCE7D8A500200E48C07AD0
:10290000022807D00D48007A012803D00C484078EF
:10291000032802D000200A49C8700748C07A02285C
:1029200009D00648007A30B905480079052802D058
:1029300001200349C870704728A7002020A6002066
:102940009806002000B5F7F7BBFB2349C968884209
:1029500010D0224890ED030AB0EE401A1E48143001
:102960009FED1F2AF3EE041AF3EE060AB3EE070AF0
:1029700000F038F8184890ED000AB5EEC00AF1EE04
:1029800010FA1ED090ED010AB5EEC00AF1EE10FA71
:1029900017D090ED020AB5EEC00AF1EE10FA10D091
:1029A00090ED000AD0ED010A30EE200AD0ED020AC7
:1029B00030EE200AF0EE080A80EE201A80ED041AAC
:1029C00004E0B3EE060A044880ED040AF7F778FB4A
:1029D0000149C86000BD0000C8AF002070A40020FD
:1029E0000000A0421749D1ED012AC1ED022AD1ED24
:1029F000002AC1ED012A81ED001AD1ED002AF4EE82
:102A0000E02AF1EE10FA0ED2D1ED002AB2EE043A2D
:102A1000F4EEC32AF1EE10FA05DDD0ED002A72EED5
:102A2000A12AC0ED002A0749D1ED002AF4EEC02A00
:102A3000F1EE10FA05DDD0ED002A72EEC22AC0EDEB
:102A4000002A7047C8AF0020FFF7B6FE0A2001F049
:102A500039F800BF00F006F9FFF774FFFDF716FC28
:102A6000012001F02FF8F5E7B0EE401A70EEC11A20
:102A7000B0EE610ADFED0D1AB4EEE10AF1EE10FAE4
:102A800006DDDFED0B1A70EE611AB0EE610A0CE0A4
:102A9000DFED081AB4EEE10AF1EE10FA05D2DFED2F
:102AA000041A70EE211AB0EE610A70470000344338
:102AB0000000B443000034C3F0EE400AF5EEC00A53
:102AC000F1EE10FA02DBB7EE000A7047BFEE000A23
:102AD000FBE700000B4800680B490968884205D1F4
:102AE0000A480068401C0949086002E000200749C4
:102AF000086006480068B0F57A7F01D90120704768
:102B00000020FCE77C0600209C05002094060020A5
:102B100000B52DED048B83B041EC190B02F070FB76
:102B200041EC180B18EE100A18EE901A8DED008B80
:102B3000002818BF0120084320F00040C0F17F604A
:102B400000F1E040C00F14D019EE101A19EE900AEF
:102B50008DED009B002918BF0121084320F00040A3
:102B6000C0F17F6000F1E040C00F04BF0120EEF72C
:102B7000FBFA51EC180B03B0BDEC048B00BD10B593
:102B800000EE100A2DED028BB1EEC08A18EE100A8D
:102B900020F00040C0F1FF40C00F0AD010EE100A34
:102BA00020F00040C0F1FF40C00F04BF0120EEF74D
:102BB000DBFA18EE100ABDEC028B10BD2548007A36
:102BC000012802D10020244908702448C068B0F5CB
:102BD000167F03DB00202049087007E01F48C0680B
:102BE00010F5167F02DC01201B4908701A48407856
:102BF00010B90020184948711748007810B1012811
:102C000024D110E01548C06810F5167F0ADC0120B9
:102C10001149087000204871C870487008718870A8
:102C20000F49087013E00D48C068B0F5167F0CDB43
:102C30000020094908700120087000204871C87000
:102C40004870087188700649087000E000BF00BF36
:102C50007047000020A600209806002028A700202A
:102C6000A5060020DFED201AB0EE611ADFED1E1A76
:102C7000B0EE610ADFED1D1AF0EE610A1C49097A17
:102C80001C4A127A881800EBD071491001EE901A94
:102C9000F8EEE11AF0EE610AF4EEC00AF1EE10FA75
:102CA00004D2DFED121A1448C0ED061AF4EEC00A81
:102CB000F1EE10FA0ADD30EEC02AC2EE011A9FEDE5
:102CC0000F2A61EE821A0C48C0ED061A70EE011A46
:102CD000F4EEE01AF1EE10FA04D2DFED081A06481D
:102CE000C0ED061A7047000000000C420000000012
:102CF000B4A50020D8A50020C8AF0020000028C33C
:102D000010B5F0F7E9FD00EE100AB8EE400AAB4846
:102D100080ED100AAA48007906287CD2DFE800F08E
:102D20000380AE16E9F8A748C07A022802D1A44869
:102D3000007818B1A448007A012803D10020A049E6
:102D4000087102E003209E49087134E19D48C07A71
:102D5000022802D19A48007818B19B48007A0128CD
:102D600003D100209649087159E09548007818B9B8
:102D70009448007C02280ED091480078012803D1A5
:102D80009048007F022806D08D488078012806D11F
:102D9000F3F74CFD18B10220894908713FE08848DB
:102DA000007818B98748007C042807D08448007848
:102DB00001280BD18348007F012807D18048807803
:102DC000022803D07E488078032819D17C480078F7
:102DD00018B97C48007C042807D07948007801287D
:102DE0001AD17848007F012816D1754880780228CA
:102DF00003D07348807803280ED1F3F717FD58B13C
:102E00006E488078012807D16D4908716B49487078
:102E10000020887003E0CDE0032069490871CAE012
:102E20006848C07A022802D16548007818B166481F
:102E3000007A012803D10020614908711DE05F4834
:102E4000407901280FD104205D49087101205B49B8
:102E5000C87000200871012088709FED5C0A084648
:102E600080ED080A09E05548807818B901205449D6
:102E7000087102E00320524908719CE05148C07A71
:102E8000022802D14E48007818B14F48007A012834
:102E900003D100204A4908712AE0484840790128B6
:102EA00008D104204649087101204449C870002017
:102EB00008711DE04248007818B94248007C022899
:102EC0000FD03F480078012803D13E48007F0228F8
:102ED00007D03B488078012807D13848007801287E
:102EE00003D102203649087102E0032034490871F9
:102EF00061E03448C07A022802D13148007818B124
:102F00003148007A012804D100202D49087119E0C8
:102F100019E02A48007930B92848807918B9042086
:102F2000274908710EE00320254908710120234933
:102F300008719FED260A084680ED080A9FED230AD6
:102F400080ED090A37E01F48C07A022802D11C48E8
:102F5000007838B11A480078012803D01A48007A5E
:102F6000012808D19FED190A144880ED0F0A0020AE
:102F7000134908711DE01148407A012811D10F480A
:102F800090ED100AD0ED0F0A30EE600ADFED100A66
:102F9000B4EEE00AF1EE10FA03D2052008490871F8
:102FA00007E09FED0A0A054880ED0F0A0320044957
:102FB000087100E000BF00BF10BD00000CB1002090
:102FC0009806002028A7002020A60020000000006E
:102FD00000A08C459FED020A024880ED070A704769
:102FE00000207D450CB1002010B500201949087261
:102FF000C8700120087100204870012088709FED82
:10300000162ADFED161A9FED151ADFED140AB5EE3C
:10301000000A00211248F6F729FF9FED122ADFED82
:103020000F1A9FED0E1ADFED0D0AB2EE000A002115
:103030000D48F6F71BFF9FED0B2ADFED081A9FEDF9
:10304000071ADFED060AB2EE0E0A00210748F6F76E
:103050000DFF10BD0CB1002000C0DA4500000000DB
:103060008CB100200070144650B10020C8B100207F
:1030700010B52DED048BAF48007906287ED2DFE82D
:1030800000F0F8033EF964AAAB48407801280BD160
:10309000A94890ED050ADFEDA90A30EE200A80ED7F
:1030A000050A0020A4494870A54890ED040AB8EE2E
:1030B000C00AA148D0ED050A30EE600A10EE101AE1
:1030C000084602F0A3FC41EC190BB0EE490AF0EE01
:1030D000690AFBF761F8B0EE408AF0EE608A9FED76
:1030E000990B53EC102B51EC180B01F055FE05D247
:1030F0009148407810B901208F49887010E18E48BE
:1031000090ED070A80ED060A8D4890ED040AB8EEAE
:10311000C00A8948D0ED030A30EE600ABDEEC00A4D
:1031200010EE100A4FF4104190FBF1F201FB120176
:103130008348006900F51040401A00EE100AB8EE0E
:10314000C00A7D4880ED050AEAE07B48C078012886
:103150000BD1794890ED050ADFED780A30EE600A70
:1031600080ED050A00207449C870754890ED040A86
:10317000B8EEC00A7048D0ED050A00E0CFE030EEAE
:10318000600A10EE101A084602F040FC41EC190BE0
:10319000B0EE490AF0EE690AFAF7FEFFB0EE408A97
:1031A000F0EE608A9FED690B53EC102B51EC180B7D
:1031B00001F0F2FD0ED26048C07858B901205E4996
:1031C00008719FED640A084680ED080A9FED610AC8
:1031D00080ED090AA4E05848407A012836D15648C3
:1031E000807A01280CD1564890ED040AB8EEC00A46
:1031F000514880ED050A9FED580A80ED060A25E04A
:103200004D48C07A012821D19FED520A4A4880EDED
:10321000060A4B4890ED040AB8EEC00ADFED4F0AEB
:1032200030EE200A444880ED050A454890ED040A36
:10323000B8EEC00ADFED490A30EE200A3E4880EDC4
:10324000030A0021C17200203B4948723A48807A43
:1032500001280CD13848C07A48B93748C0790128CC
:1032600005D100203449887201213348C17257E0EA
:1032700000E03DE09FED370A2F4880ED060A90F808
:10328000380002282AD12C4890ED030AB5EEC00A76
:10329000F1EE10FA22D02A480069F8B1284890EDE2
:1032A000040AB8EEC00A2448D0ED030A30EE600AE2
:1032B000BDEEC00A10EE100A4FF4104190FBF1F27F
:1032C00001FB12011E48006900F51040401A00EE93
:1032D000100AB8EEC00A184880ED050A9FED1D0AD5
:1032E000154880ED080A9FED1B0A80ED090A17E0DA
:1032F0009FED180A104880ED060A114890ED040A67
:10330000B8EEC00A0C4880ED050A00200A49C870D2
:1033100001200871002048700120887000E000BF83
:1033200000BF04480079044981F83800BDEC048BE3
:1033300010BD0000980600200CB1002000001047CE
:10334000FCA50020000000000070A7400000000065
:103350000040AF4000000000000007440010584645
:1033600010B5384890ED051AF0EE410A364890ED58
:10337000041AB8EEC11AB0EE410A3448F6F796FCCA
:10338000324890ED081AF0EE410A2F48B0F90400D7
:1033900001EE100AB8EEC11AB0EE410A2C48F6F759
:1033A00085FC284880ED0B0A90ED061AF0EE410AE4
:1033B0002548B0F9040001EE100AB8EEC11AB0EECB
:1033C000410A2448F6F772FC1E4880ED0C0A224898
:1033D0000079042812D02048007901280ED01E4818
:1033E000007903280AD01C48007905280CD115481B
:1033F000807A48B91348C07A012805D1114890ED68
:103400000B0A80ED0D0A1CE01348007902280AD04F
:103410001148007905280CD10A48807A012808D182
:103420000848C07A28B9074890ED0C0A80ED0D0ACB
:1034300007E00948007920B99FED080A014880EDAE
:103440000D0A10BD0CB10020FCA500208CB100209D
:1034500050B10020C8B100209806002000000000F4
:103460006049B1F90400002801DB014600E0414257
:10347000322913DC5C4991ED0D0ADFED5C0AB4EEF4
:10348000E00AF1EE10FA09DD084690ED080AF7EEC1
:10349000000A30EE200A80ED080A0FE0524890ED55
:1034A000080AB5EEC00AF1EE10FA07DD90ED080A41
:1034B000F7EE000A30EE600A80ED080A4949B1F9DA
:1034C0000400002801DB014600E04142322913DC00
:1034D000454991ED0D0ADFED460AB4EEE00AF1EE42
:1034E00010FA09D2084690ED090AF7EE000A30EE0C
:1034F000200A80ED090A0FE03B4890ED090AB5EE7D
:10350000C00AF1EE10FA07DD90ED090AF7EE000AA5
:1035100030EE600A80ED090A3249B1F90400002852
:1035200001DB014600E04142322913DC2E4991EDD6
:103530000D0ADFED300AB4EEE00AF1EE10FA09D21E
:10354000084690ED0A0AF7EE000A30EE200A80EDF8
:103550000A0A0FE0244890ED0A0AB5EEC00AF1EE1F
:1035600010FA07DD90ED0A0AF7EE000A30EE600A65
:1035700080ED0A0A20480079052821D01A4890EDEC
:10358000080ADFED1E0AB4EEE00AF1EE10FA03DDE0
:1035900001201549487102E0002013494871124882
:1035A00090ED090ADFED150AB4EEE00AF1EE10FA2B
:1035B00002DD0121817113E000210B4881710FE0D0
:1035C000094890ED0A0AF3EE040AB4EEE00AF1EEBF
:1035D00010FA02DD0121C17102E000210248C1712F
:1035E00070470000FCA500200CB100200080BB4506
:1035F00000C0DAC500409CC5980600200000A0422B
:10360000FFF7F2FC0A2000F05DFA00BFFFF7E2FCD2
:10361000FFF726FFFFF72CFDFFF7A2FE012000F0C9
:1036200051FAF3E710B50B48C08D01280FD10948B6
:10363000808D60B908484078012808D1054890ED90
:10364000000ADFED060A30EE200A80ED000A00F0E5
:1036500007F810BDBCA700209806002000003443E6
:1036600010B52DED048B56484078012851D15548AE
:10367000808D002826D15349C885534890ED1E0AF5
:103680000846D0ED000A30EE600A10EE101A084627
:1036900002F0BCF941EC190BB0EE490AF0EE690AF0
:1036A000FAF77AFDB0EE408AF0EE608A9FED470BA4
:1036B00053EC102B51EC180B01F06EFB03D80120DA
:1036C0004049888578E0404890ED1E0A3D48D0ED9D
:1036D000000A30EE600A10EE101A084602F096F961
:1036E00041EC190BB0EE490AF0EE690AFAF754FD05
:1036F000B0EE408AF0EE608A9FED340B53EC102B55
:1037000051EC180B01F023FD56D200202D4988857D
:1037100052E02B48407803284ED12A48808D30BB98
:1037200000202849C8852B4890ED050AD0ED040AF1
:1037300030EE600A10EE101A084602F067F941EC0C
:10374000190BB0EE490AF0EE690AFAF725FDB0EE62
:10375000408AF0EE608A9FED1D0B53EC102B51EC6C
:10376000180B01F019FB03D801201649888523E0C6
:10377000184890ED050AD0ED040A30EE600A10EE0C
:10378000101A084602F042F941EC190BB0EE490A52
:10379000F0EE690AFAF700FDB0EE408AF0EE608ABA
:1037A0009FED0A0B53EC102B51EC180B01F0CFFCE2
:1037B00002D2002003498885BDEC048B10BD0000B7
:1037C00098060020BCA70020F8A2002000000000FE
:1037D0000000144070A4002010B504460220641CB0
:1037E00004F8010CF0F778F820601A48806F6060E8
:1037F000184890ED1D0AB1EE400A10EE100AA060C4
:103800001448006FE060134880692061114890ED12
:10381000050AB1EE400A10EE100A60610D48006919
:10382000A0619FED0D0A10EE100AE0619FED0A0AFB
:1038300010EE100A20629FED080A10EE100A606276
:103840000648C068A062054890F8360084F82C004D
:10385000641E10BDF8A200200000000070A400202B
:10386000B0EE401A30EEC10AF0EE401AB0EE412A36
:1038700000EE100AB8EEC00A60EE212A01228A404A
:10388000521E00EE102AB8EEC03A82EE830A30EEE5
:10389000020A704701460A69D1E901309860D1E90E
:1038A000010358605068884201D188685060002048
:1038B00008611068401E1060106870472DE9F041E3
:1038C000044614B90648006800E0204607463D6BF0
:1038D0002846FEF761FB06463046BDE8F081000051
:1038E000AC000020034B0360034B0B60802313608C
:1038F000704700001C0700207807002000F1080135
:1039000041604FF0FF31816000F10801C160016149
:1039100000210160704700210161704710B5024627
:103920000B685C1C0CB9106907E002F1080000E0AC
:103930004068446824689C42FAD944684C604C68EA
:10394000A160886041600A611468641C146010BD45
:1039500042684A6093688B6093685960916008611F
:1039600003685B1C0360704700BF502080F3118820
:10397000BFF34F8FBFF36F8F00BF0E480068401C2E
:103980000C49086008460068012812D10A480068FE
:10399000C0B208B9012000E0002050B900BF50209B
:1039A00080F31188BFF34F8FBFF36F8F00BF00BF4D
:1039B000FEE770470801002004ED00E00D480068B4
:1039C00050B900BF502080F31188BFF34F8FBFF371
:1039D0006F8F00BF00BFFEE706480068401E054924
:1039E00008600846006820B9002080F3118800BFF5
:1039F00000BF70470801002070B506463546002E0E
:103A000044D0083D2C46224960680968084008B146
:103A1000012000E0002050B900BF502080F3118841
:103A2000BFF34F8FBFF36F8F00BF00BFFEE720686B
:103A300008B9012000E0002050B900BF502080F3F9
:103A40001188BFF34F8FBFF36F8F00BF00BFFEE73A
:103A50000F49606809680840C0B12068B0B90C49D6
:103A6000606809688843606000F0B2F809496068DE
:103A700009680844074908602046FEF73FFA0648EF
:103A80000068401C0449086000F02CFB70BD000079
:103A900004010020F40000200001002000204FF06D
:103AA000E02108618861064800684FF47A71B0FB34
:103AB000F1F0401E4FF0E021486107200861704797
:103AC000A800002070B504460025D4B11248006853
:103AD00008B9012000E0002050B900BF502080F359
:103AE0001188BFF34F8FBFF36F8F00BF00BFFEE79A
:103AF00000F06EF800212046FEF726F800F0F2FAFA
:103B000005463DB94FF0805004490860BFF34F8F20
:103B1000BFF36F8F70BD0000E400002004ED00E0F3
:103B200010B586B000200590049003AA04A905A84A
:103B3000FFF7D8FE0022DDE904101346CDE900218D
:103B400002901CA11D48039A00F0CAF91C490860A4
:103B50000846006808B1012400E00024012C15D1BA
:103B600000BF502080F31188BFF34F8FBFF36F8FDA
:103B700000BF4FF0FF301349086001201249086070
:103B800000201249086000F0C5F810E0601C08B180
:103B9000012000E0002050B900BF502080F31188C0
:103BA000BFF34F8FBFF36F8F00BF00BFFEE706B0BC
:103BB00010BD000049444C4500000000AD1D010847
:103BC000E0000020DC000020C8000020C000002031
:103BD00002480068401C014908607047E40000206A
:103BE0001D48006818B101201C49086032E000201F
:103BF0001A4908601A480068B0FA80F0C0F11F0145
:103C000001EB8100174A52F8200008B1012000E0C2
:103C1000002050B900BF502080F31188BFF34F8FB0
:103C2000BFF36F8F00BF00BFFEE701EB81020D4BBA
:103C300003EB820042685268426000F10802436868
:103C4000934202D14268526842604268D268064B91
:103C50001A6000BF70470000E4000020D000002080
:103C6000C4000020282A0020AC0000200F48007A61
:103C7000012803D100200E49887016E00C484078D6
:103C8000022812D10B4890F8300018B102200849E0
:103C900088700AE0074890F82D0018B10320044905
:103CA000887002E0012002498870704720A6002039
:103CB0009806002028A700200F48007A012803D189
:103CC00000200E49887015E00D48807A032803D142
:103CD00001200A4988700DE00948807A012802D144
:103CE0000649887006E00648807A022802D1012041
:103CF000024988707047000020A600209806002026
:103D000028A7002000BFFEF7A1FC0220FFF7DAFE83
:103D1000F9E700001CB5524800685249884201D0BA
:103D2000012000E0002050B900BF502080F311882E
:103D3000BFF34F8FBFF36F8F00BF00BFFEE7484850
:103D400000684849491E884201D0012000E0002057
:103D500050B900BF502080F31188BFF34F8FBFF3DD
:103D60006F8F00BF00BFFEE73F4908460078019013
:103D7000FF200A4610700846007800909DF8000069
:103D800000F0F0009DF80020904201D1012000E0F9
:103D9000002050B900BF502080F31188BFF34F8F2F
:103DA000BFF36F8F00BF00BFFEE79DF8000000F07B
:103DB00050002E4A107007202D4A106009E02C4850
:103DC0000068401E2A4A10609DF800004006000E60
:103DD00000909DF8000000F080008028EFD024487B
:103DE0000068C0F10700042801D1012000E0002094
:103DF00050B900BF502080F31188BFF34F8FBFF33D
:103E00006F8F00BF00BFFEE7194800680002184A24
:103E100010601046008800F4E0601060124A0198BB
:103E200010700F482030006840F470000C492031B9
:103E300008600846006840F070400860FFF72EFEFA
:103E400000200C490860ECF737FA0B48006840F096
:103E5000404009490860ECF71BFA00201CBD000037
:103E600000ED00E071C20F4100E400E00C01002011
:103E7000100100200801002034EF00E02DE9FF4F81
:103E800085B0804689461746DDE912ABB800FEF7DB
:103E9000AFF8064656B15C20FEF7AAF804460CB10E
:103EA000266304E03046FFF7A7FD00E000248CB154
:103EB000002084F85900CDE900ABCDE902403A4634
:103EC00049464046089BFDF785FF2046FDF788FEE2
:103ED000012501E04FF0FF35284609B0BDE8F08F1D
:103EE0002DE9F04F85B00746884691469A46DDE9B0
:103EF0000EB6109C0EB1012000E0002050B900BFAA
:103F0000502080F31188BFF34F8FBFF36F8F00BF36
:103F100000BFFEE70CB1012000E0002050B900BF57
:103F2000502080F31188BFF34F8FBFF36F8F00BF16
:103F300000BFFEE75C20039003985C2801D10120BC
:103F400000E0002050B900BF502080F31188BFF37B
:103F50004F8FBFF36F8F00BF00BFFEE700BFB4B14C
:103F6000AEB125462C462E63022085F8590000206C
:103F700004A953464A46CDE900B1CDE90250414675
:103F80003846FDF727FF2846FDF72AFE01E000200E
:103F90000490049805B0BDE8F08F00002DE9F041D1
:103FA0004FF000084448006800287CD1434800686E
:103FB000451C4248056015BB41480068006808B9C7
:103FC000012000E0002050B900BF502080F311888C
:103FD000BFF34F8FBFF36F8F00BF00BFFEE73848BE
:103FE0000768384800683649086036480760364830
:103FF0000068401C34490860FDF7B4FF00BF334837
:10400000006885423CD300BF2D480068006808B9AD
:10401000012000E0002020B14FF0FF302B49086064
:104020002DE027480068C068C4686668B54202D2BF
:104030002648066023E0201DFFF72CFCA06A18B17B
:1040400004F11800FFF726FC94F82C10012088409A
:104050001F49096808431E490860E16A01EB8101B4
:104060001C4A02EB8100211DFFF772FC1A49E06A2D
:104070000968C96A8842C7D34FF00108C4E700BF86
:1040800015480068C06A00EB8000124951F8200012
:10409000012801D94FF001081048006808B14FF01D
:1040A000010805E0FFE70E480068401C0C49086065
:1040B0004046BDE8F0810000E4000020C000002080
:1040C000B0000020B4000020D4000020DC0000205C
:1040D000C4000020282A0020AC000020D0000020CE
:1040E000CC00002070B5002400263648006850B986
:1040F00000BF502080F31188BFF34F8FBFF36F8F45
:1041000000BF00BFFEE7FFF72FFC2E480068401EEF
:104110002C4908600846006800284FD12A480068EA
:1041200000284BD024E02948C068C46804F1180076
:10413000FFF7B0FB201DFFF7ADFB94F82C1001201A
:10414000884023490968084321490860E16A01EB76
:104150008101204A02EB8100211DFFF7F9FB1E4976
:10416000E06A0968C96A884202D301201B490860D5
:104170001648006808B9012000E000200028D2D0CD
:104180000CB1FDF7EFFE1648056865B100BFFFF7FB
:1041900005FF10B10120114908606D1E002DF6D1F8
:1041A00000200F4908600D48006838B1012630072B
:1041B0000C490860BFF34F8FBFF36F8FFFF7FEFB13
:1041C000304670BDE4000020BC000020DC2A002046
:1041D000C4000020282A0020AC000020D0000020CD
:1041E000CC00002004ED00E010B51248407888B102
:1041F000114890ED070AB0EE402ADFED101A9FED4E
:104200000F1ADFED0E0A9FED0D0A05210C48FBF792
:10421000DDF90DE09FED092ADFED081A9FED071A81
:10422000DFED060A9FED050A05210548FBF7CEF9EB
:1042300010BD000098060020BCA700200000000070
:10424000A009002010B52DED048B4D4890ED050A16
:10425000DFED4C0A30EE600A4B4880ED000A4B4817
:1042600090ED000A4A48D0ED1E0A30EE600A494837
:1042700080ED000A444890ED000ADFED470AB4EEF5
:10428000E00AF1EE10FA08DD90ED000ADFED430AD6
:1042900030EE600A80ED000A11E03B4890ED000A24
:1042A000DFED3F0AB4EEE00AF1EE10FA07D290ED2E
:1042B000000ADFED3A0A30EE200A80ED000A3548A8
:1042C00090ED000ADFED370AB4EEE00AF1EE10FAE5
:1042D00008DD90ED000ADFED340A30EE600A80ED73
:1042E000000A11E02B4890ED000ADFED300AB4EE31
:1042F000E00AF1EE10FA07D290ED000ADFED2A0A8B
:1043000030EE200A80ED000A1F48006801F07EFBB5
:1043100041EC190BB0EE490AF0EE690AF9F73CFFDF
:10432000B0EE408AF0EE608A9FED210B53EC102B2B
:1043300051EC180B00F00BFF18D31648006801F081
:1043400065FB41EC190BB0EE490AF0EE690AF9F78A
:1043500023FFB0EE408AF0EE608A9FED170B53EC1E
:10436000102B51EC180B00F0F2FE03D2012007498C
:10437000488702E0002005494887BDEC048B10BD4A
:1043800024A500203D0AB73F8C060020BCA70020D2
:10439000F8A2002090060020C3F54840C3F5C840AD
:1043A000C3F548C0000034430000B443000034C3E8
:1043B00000000060B81EE93F00000000000044401B
:1043C000DFED0D0AB4EEE00AF1EE10FA06DDDFEDE6
:1043D0000B0A70EE600AB0EE600A0CE0DFED080A2E
:1043E000B4EEE00AF1EE10FA05D2DFED040A70EE49
:1043F000200AB0EE600A7047000034430000B44366
:10440000000034C381F00041704780F000407047E5
:1044100021F00041704720F00040704721F0004239
:10442000A2F16052B2F5801F01F0004328BFD2F123
:104430007E6C51D9F1EE10CA1CF4400F14D15FEA22
:10444000C00C43EAC20202EB507008BF70475FEA3B
:104450004C0C40F10000DFF880C241F0E18128BF40
:1044600020F0010001F0DCB9C30001F0004343EA91
:10447000C20202EB507008BF70471B4248BF4FEAB0
:104480004C0C1CF4000F08BF401CDFF84CC201F0BC
:10449000C7B9C30001F0004343EAC20202EB507205
:1044A00004BF104670471B4248BF4FEA4C0C1CF437
:1044B000000FDFF824C218BF104641F0B18108BFD9
:1044C000521C12F4000F08BF104601F0A98121F020
:1044D000004201F0004330E050EA410C04BF0846BE
:1044E00070475FEA125CBCF1FE0F1ED1F1EE10CAFC
:1044F0001CF4400FCDD15FEAC00C9BD05FEA001CDA
:104500004FEAC20C4CEB507C04BFC2002CEAD27CB8
:104510001CF4000F04BF4CEA0300DFF8BCC101F03B
:104520007F8121F00042A2F16052B2F5801F4FEA74
:10453000410C2ADB1CF5001F16D2F1EE10CA1CF448
:10454000806F06D02CF0005C4CF0805CA1F14061E3
:104550002AE04FF07F40DFF884C143EA500001F0C9
:104560005FB9084601F00DBB70B500F031FD00BF2A
:10457000000000B988000004FFF7F3BF21F070428B
:1045800043EA507040EAC2007047F1EE10CA2CF0C6
:10459000805C4CF0005C1CF4006F25D04B00B3F540
:1045A000001F51D301F140611CF4400F40F07E80A8
:1045B0000CF0405CC3004CF0880C11D05CF0404C17
:1045C00010F0805F0CD0034610F1005041F1000163
:1045D000020108BF20F00050834218BF2CF0004CAD
:1045E00000F0604001F054BC1CF4400F1AD01B4294
:1045F00048BF4FEA4C0C1CF4000F13D112F140627B
:1046000048BF22F07F424FEAC00CBCF1010F43EAE1
:10461000C20242EB50704FF0880228BF42F0804245
:1046200001F0B4BA12F1406248BF22F07F425FEA63
:10463000C00C43EAC20242EA50704FF0880218BF31
:1046400042F0404201F0A2BA01F0004321F00041E3
:10465000094214D0B1FA81FCACF10B0CCCF1200270
:1046600001FA0CF120FA02F241EA02014FEA0C527F
:1046700000FA0CF0A1EB020181EA03010FE0B0FAAD
:1046800080F200FA02F002F115024FEAD0214FEA5F
:104690000252A1EB02014FEA405081EA0301F1EE20
:1046A00010CA2CF0805C4CF0005C7BE762460CF09A
:1046B000405CC3004CF0880C92D05CF0404C094246
:1046C00048BF520012F4000F8AD110F1005041F19E
:1046D00000012CF0004C83D18800004088000010BD
:1046E00010B5DFF840E211F5801C13F580141EEAC6
:1046F0004C0F18BF1EEA440F00F0C88091EA030F68
:1047000048BF83F0004300F19486841A71EB030CD8
:1047100005D2121943EB0C03001B61EB0C014FEAAD
:104720001154A4EB135C23EA6E0321EA045143F411
:104730008013DCF1200E53D322FA0CFE10EB0E0096
:1047400023FA0CFE41EB0E01CCF1200E03FA0EFE13
:1047500010EB0E0051F10001B1F5801FCCF1200EDD
:1047600053D201EB045112FA0EF2BDE8104008BF1B
:104770007047F1EE10CA1CF4400F1ED14FF0110C1F
:1047800092F0000F4CF0804C41F14A80401C38BF41
:104790005FEA420241F04480002814BF20F001008B
:1047A00041F100014FEA410313F5001F24BF4CF013
:1047B000805CA1F1C04101F033B811F0004F54BF4B
:1047C0001CF4000F1CF4800F4FF0110C4CF0804CC7
:1047D00041F02680401CC1F0238041F10001E1E757
:1047E000012A43EB0302ACF1200CDCF11F0E32BFB7
:1047F0004FF0000E23FA0CF310EB030041EB0451D1
:10480000B4EB115FAFD0A1EB045101F58011490861
:104810005FEA300002FA0EF242EA420201EB045172
:104820005FEA320213D0BDE81040F1EE10CA1CF46A
:10483000400F1AD14FF0110C92F0000F4CF0804C49
:10484000B0D5401C38BF5FEA4202ABD1A4E7BDE857
:1048500010404FEA410313F5001F38BF7047DFF8DF
:10486000C8C0A1F1C04100F0DBBF11F0004F54BF40
:104870001CF4000F1CF4800F4FF0110C4CF0804C16
:1048800090D1401C8ED341F100018BE74EF4001E05
:104890003EEA410418BF3EEA430439D091EA030FCF
:1048A00048BF83F0004300F1BF86841A71EB030C0C
:1048B00005D2121943EB0C03001B61EB0C0152EA09
:1048C000430E4FEA1154A4EB135C13D05FEA445E2D
:1048D00021EA04511CBF23F00043ACF1010C7FF42A
:1048E00028AFBDE810404FF0110C801841EB0301D8
:1048F00000F081BE5FEA445EBDE8104018BF70471B
:1049000050EA410C08BF70474FF0110C00F073BE25
:10491000BDE8104070B500F05BFB00BF64FBBE3E1D
:10492000110000040000C0FF1100001011F4002F5E
:1049300008BF4CF4804C00F073870CF04F02482AFB
:1049400041F0C28100F06CBF491058BFC1F1404135
:104950005B1058BFC3F140438B42EFF300807047B8
:104960002DE9C04130B4DFF864C33CEA111418BF2C
:104970003CEA131400F04B8181EA03051CEA111490
:1049800044EAD57418BF1CEA131500F01D81A4EB8E
:1049900005044FF0004545EAC12145EAC32341EA39
:1049A000505143EA525304F17F74994204F50034A4
:1049B0004FEAC0204FEAC22208BF904200F0D080E8
:1049C0004FEA13650FF20426765D4FEA134506FBA6
:1049D00005F7C7F1807706FB07F74FEAD737A7FB44
:1049E00003687642C8F58038A7FB06CE38BFA8F129
:1049F000010807FB08E64FF0000EA6FB028CE6FB61
:104A000003CEDCF1000CCEF1004E38BFAEF1010E4A
:104A1000A6FB0C584FF000074FF00005E6FB0E8791
:104A2000A1FB08C6A0FB07CE16EB0E0645F100055C
:104A3000E1FB076515F1E04E7EBFA4F580345FEA27
:104A400046066D4116F18007F1EE10CA45F10005EA
:104A50004FEA172747EA05671CF4400F4FEA152570
:104A600036D14FEA4666A6F15E46B6F1085F2FD909
:104A7000B4F1FE6F2CD8384624F0010C05EBC4715C
:104A8000BCF1FE6F01EB0C11DFF844C202D8F0BCA0
:104A9000BDE8004140F2C48624425CBF01F5801E9F
:104AA0009EEAC47F02D4F0BCBDE8004140F1B88664
:104AB000244277D4DFF81CC256EA080EA1F1C041A7
:104AC00018BF4CF0804CF0BCBDE8004100F0A8BE1F
:104AD0004FEAD22242EA43524FEAD323A7FB02868F
:104AE0004FEAD02040EA415007FB03661EEA0E0F52
:104AF0004FEAD12105FB026658BFA6EB0056B6EB84
:104B000000564FEA520E4EEAC37E18EB0E0E56EBDD
:104B1000530E05D518EB02085E417F1C55F10005C8
:104B200056EA080E24D01CF4400FA4D014F0010F54
:104B300018BF4FEA4C0C1CF4000F08D036429AD430
:104B4000B8EB02089E417F1E75F1000593E73642DF
:104B500091D518EB02085E417F1C55F100058AE7EC
:104B60004FF480154FF000074FF000064FF000089B
:104B700024F0010C384605EBC471BCF1FE6F01EB6B
:104B80000C1102D8F0BCBDE800811CEA0C0F5CBF20
:104B900001F5801E9EEAC47F02D4F0BCBDE800810E
:104BA000244287D556EA080C01F1C0411CBF06F02B
:104BB000004C4CF0804C4CF0005CF0BC4CF0140C01
:104BC000BDE8004100F06EBD50EA410E0CEA13153D
:104BD0000BD052EA430E13D000F07BFA641B86EA36
:104BE0004606240444EAD674D3E652EA430E00F0A3
:104BF0002680F0BC81EA030101F00041BDE800819C
:104C0000F0BCBDE80041DFF8D0C000F009BEF0BC48
:104C1000BDE8004170B500F0DBF900BF097EFC3E45
:104C20001400000400F007B881EA03014FF000000F
:104C300001F00041704781EA030100F082BAF0BC44
:104C4000BDE800415FF828C000F0EABDFFFDFBF9B8
:104C5000F7F5F4F2F0EEEDEBE9E8E6E4E3E1E0DEAF
:104C6000DDDBDAD8D7D5D4D3D1D0CFCDCCCBCAC821
:104C7000C7C6C5C4C2C1C0BFBEBDBCBBBAB9B8B748
:104C8000B6B5B4B3B2B1B0AFAEADACABAAA9A8A83B
:104C9000A7A6A5A4A3A3A2A1A09F9F9E9D9C9C9B09
:104CA0009A999998979796959594939392919190B4
:104CB0008F8F8E8E8D8C8C8B8B8A89898888878745
:104CC0008685858484838382828181800000FF07BA
:104CD00014000040140000101400000851EA030CF6
:104CE00011D41CF5801F00F10680994218BF70474F
:104CF00008BF9042704711F5801F58BF13F5801F01
:104D000018D4994270471CF5801F09D550EA410C10
:104D10000EBF52EA430C8B42704708BF8242704775
:104D20004FF4001C1CEB410F38BF1CEB430F01D2AA
:104D30008B42704770B500F04BF900BF92244938A0
:104D4000190012044FF000514FF08053FFF7FCBDE3
:104D500010F0004248BF4042B0FA80F310FA03F16D
:104D60000AD0C3F11D0303F580634FEA415002EB03
:104D7000035202EBD12170474FF000007047B1FAA7
:104D800081F201FA02F1C2F11D024FEA415003EB38
:104D9000025303EBD121704751EA030C11D41CF5E7
:104DA000801F00F10680994218BF704708BF9042EB
:104DB000704711F5801F58BF13F5801F18D4994212
:104DC00070471CF5801F09D550EA410C0EBF52EA0E
:104DD000430C8B42704708BF824270474FF4001C5F
:104DE0001CEB410F38BF1CEB430F01D28B427047C5
:104DF00070B500F0EDF800BF0000003F1900160488
:104E0000FFF7A2BD4FF000514FF08053FFF79CBD5C
:104E1000DFF8B4C170B51CEA111E1EBF1CEA1315E1
:104E20009EEA0C0F95EA0C0F00F0948081EA0304CF
:104E300021EA4C114EEAD47E23EA4C13AE4441F4ED
:104E4000801143F48013A1FB024CA0FB0365AEF17B
:104E50007F7E361955EB0C05A1FB034C4CF100038A
:104E6000A0FB021C16EB0C06654153F1000309423E
:104E700018BF46F0010613F4007F0BD14FEA03314F
:104E80004FEA0530340341EA155140EA16506FF0FD
:104E900003020AE04FEAC3214FEAC520F40241EAC7
:104EA000555140EA56506FF00202264602EB2E4260
:104EB00001EB025585EACE7127D0F1EE10CA054606
:104EC0001CF4400C14D15FEA440C18BF24F00044D9
:104ED00050F1000041F1000120EAD47040F2FD7C65
:104EE000624517D2BDE87040DFF8E0C000F098BC22
:104EF0005FEACE7454BF1CF4000F1CF4800F08BF8F
:104F000010F1010041F10001E8E740F2FE7C62454A
:104F100004D270BD08BF11F4801FE3D0A84214BFB3
:104F20004FF080444FF04044002E08BF0024BEF1F3
:104F3000806FD8BF01F1C041A8BFA1F1C04144F0CA
:104F4000130CA8BF4CF0805CBDE8704040F3AA830E
:104F500000F066BC9EEA0C0F0CEA131518BF95EA28
:104F60000C0F19D091EA030F48BF4EF0010E50EA22
:104F7000410418BF52EA430409D000F0AAF86419AA
:104F800086EA46064FEA044E4EEAD67E5BE74FEAD3
:104F9000CE714FF0000070BD00F01AF88900013E9C
:104FA0001300000400F005B800F007B852EA430C03
:104FB00006D081EA030100F0C4B850EA410CF8D1F0
:104FC0005FF824C000F02CBC0000FF071300004075
:104FD0000EF1020E2EF0030E01285EF8086B41EB75
:104FE000010414F5001418BFB4F5801F23D3364212
:104FF00008D4012A43EB030515F5001518BFB5F5D4
:10500000801F18D301EB010C1CF5801F16D236420D
:1050100004D403EB030C1CF5801F0FD2002C10D11D
:105020004FEAD17C002D0CEB4C0C0CF1020C08BFAC
:105030004CEBD37C07E04FF0090C04E04FF0080C78
:1050400001E04FEAD37C0CEB4C0526FA05F606F09E
:105050000706B6F1040C06D20EEB860CBDE87040D4
:105060004CF0010C6047DFE80CF0222413025EF8DC
:1050700004CC1B2D08D1002C88BFB4F5801F34BF91
:105080004CF4804C4CF4004CBDE8704000F0C8BBC0
:10509000002C88BFB4F5001F24BF1946104670BD10
:1050A0004FF000004FF00041A1F5002170BD1946FE
:1050B0001046012851EB010418BFD4F5001484BF39
:1050C0005EF804CC2CF0806CBDE8704000F2878361
:1050D000704780B54FF003065C004FEA03334FEA98
:1050E0003606640D4FEA133318BF43F480131CD106
:1050F00053EA125E04F1010402BF13460022203C71
:105100001B4202BF130B1205143CB3FA83FEAEF12F
:105110000B0ECEF1200C03FA0EF322FA0CFC02FA6D
:105120000EF2A4EB0E0443EA0C030FB416F0010FC9
:105130000CBC03BC18BF2546CED180BD80B501266E
:10514000F3E70808A0F500114FEA3101704753EA70
:10515000010C11D41CF5801F00F106808B4218BF92
:10516000704708BF8242704713F5801F58BF11F582
:10517000801F18D48B4270471CF5801F09D552EA56
:10518000430C0EBF50EA410C9942704708BF904251
:1051900070474FF4001C1CEB430F38BF1CEB410F52
:1051A00001D2994270470FB40CBC03BCFFF720BE7C
:1051B00010B5DFF848E011F5801C13F580141EEAE5
:1051C0004C0F18BF1EEA440F09D091EA030F81F07B
:1051D00000413FF59AAA83F0004300F02AB981EA22
:1051E000030180EA020083EA010382EA000281EA05
:1051F000030180EA020000F008BA00BF0000C0FF0F
:105200002DE9F04101F5801CBCF5001FC0F2DC80E7
:105210004FEA115C21EA0C5141F480110CF1FD0CB4
:105220005FEA5C0C0CF5C07C01D34000494135A419
:10523000890241EA905187028E0E0A0CA45D04FB9C
:1052400004F602FB06F6C6F14046A4FB0662F60D24
:1052500046EA422606FB06F4A4FB01235242C3F1B0
:10526000404338BF5B1EA6FB02420024E6FB03243A
:10527000D20B42EA4446A6FB0623A1FB02E2A3FBB3
:1052800007E4E3FB61426442C2F1404E38BFAEF135
:10529000010EA6FB04234FF00002E6FB0E32A2FB38
:1052A00003463400E2FB6264A1FB06E6A4FB07E8C8
:1052B000E4FB61687642C8F1405838BFA8F10108A4
:1052C000A2FB06E4A3FB08E5E2FB6854A1FB05E6AC
:1052D000A7FB04E8E1FB648618F12005F1EE104A13
:1052E00056F10006A809B10914F4400F40EA86609F
:1052F00028D1A8F11B0808F01F08B8F10A0F21D91E
:10530000BDE8F04101EB0C514FF0170C4CF0804C14
:1053100000F086BAFCF5EEE8E2DDD8D3CFCBC7C308
:10532000C0BDB9B6B4B1AEACA9A7A5A3A19F9D9BC2
:105330009A9896959392908F8D8C8B898887868585
:1053400084838281A0FB006800FB01F208EB420825
:10535000B8EB872858EA060215D014F4400F16D18E
:1053600018EA080F07D5341858EB0104C8D5401CBB
:1053700051F10001C4E7341A78EB0104C0D4401E97
:1053800071F10001BCE701EB0C51BDE8F08114F4B0
:10539000000F0CD118EA080FB2D5361858EB0108E7
:1053A000401C51F10001361858EB0108F2E718EAE9
:1053B000080FA5D4361A78EB0108401E71F10001E0
:1053C000361A78EB0108F2E75FEA4C0C5FEA9C5C66
:1053D00014D10AD350EA013C01D1BDE8F081094261
:1053E0000CD4FFF7ABFEA44618E7BDE8F04170B55A
:1053F000FFF7EEFD6DDBFFBE17000004BDE8F041D6
:105400005FF80CC000F00CBA10B5DFF894E211F5AB
:10541000801C13F580141EEA4C0F18BF1EEA440FBF
:1054200000F0F38091EA030F48BF83F000433FF59B
:105430006CA9841A71EB030C07D212198CF0004C82
:1054400043EB0C03001B61EB0C0152424FEA115479
:10545000A4EB135C23EAAE0321EA0451C3EBAE03D1
:1054600038BF5B1EDCF1200E48D322FA0CFE10EB95
:105470000E0043FA0CFE41EB0E01CCF1200E03FAB4
:105480000EFE10EB0E0051F10001CCF1200E4CD4B9
:1054900012FA0EF201EB0451BDE8104008BF70474C
:1054A000F1EE10CA1CF4400F14D14FF0120C92F020
:1054B000000F4CF0804C40F1B381401C18BFB2F19A
:1054C000004F40F0AD8100280CBF491C20F00100C6
:1054D00000F0A6B911F0004F54BF1CF4000F1CF4EB
:1054E000800F4FF0120C4CF0804C40F09981401C22
:1054F00040F0968141F1000100F092B912EB020EEA
:1055000043EB030218BF4FF0010E4EEA4202ACF12A
:10551000200CDCF11E0E4BD943FA0CFE10EB0E00F2
:1055200051F1FF31CCF11E0EB2D50EF1010E12FA7F
:105530000EFE404141EB010101EB445C5FEA5C5C23
:1055400006D95FEA0E0201EB0451BDE81040A5E761
:105550003BD24FEAD42C11F5001124F400641AD088
:10556000B1FA81F20B3AA41AA41ED2F120039140A1
:1055700030FA03F31943904001EBCC71002C01EB9E
:105580000451BDE81040A8BF704701F1C0414FF081
:10559000120C00F087B8B0FA80F310FA03F101D1D1
:1055A000BDE8104019D0E41A173C4805C90AE3E7E2
:1055B00001EB0451BDE81040401E61F100015FF0B5
:1055C000FF326BE701EB045110BD491001EB0451B0
:1055D000BDE810404FEA30000BE0F1EE10CA4FF08A
:1055E00000010CF4400CBCF5000F08BF4FF0004167
:1055F00070474FF0120C4A0008BF0042EDD0B2F5E0
:10560000001F28BF704700F0EAB84EF4001E3EEAC3
:10561000410418BF3EEA430434D091EA030F48BF67
:1056200083F000433FF541A9841A71EB030C07D2C4
:1056300012198CF0004C43EB0C03001B61EB0C01C6
:1056400052EA033E4FEA1154A4EB135C14D05FEA14
:10565000445E21EA045109D023F000435242ACF1E8
:10566000010CC3F1000338BF5B1EFBE6BDE8104030
:10567000801A61EB0301BCE7BDE8104050EA410C21
:10568000B7D1AAE7BDE8104070B5FFF7A1FC00BF95
:1056900040DFF63E1100000483F0004110467047E1
:1056A0000000C0FFF1EE103A13F0807F1EBF01F042
:1056B00000410020704713F4006F40F0AA800942B7
:1056C00048BF4CF4803C4FF4C0634FEA115203F1E1
:1056D000010321EA025122F400629A1A48BF6FF0D6
:1056E000FE0241F48011352A3CD830D0152A1ED351
:1056F000203A0CD90028C2F1200321FA02F001FA65
:1057000003F218BF42F001024FF0000130E0C2F195
:10571000000302F1200201FA03F120FA02F241EA49
:10572000020100FA03F208464FF0000120E0C2F146
:10573000200310B400FA03F401FA03F320FA02F094
:1057400021FA02F1224610BC43EA000010E050EAC0
:1057500001324FF000004FF000014FF0004218BF3F
:10576000521C05E04FF001024FF000014FF0000025
:105770001CF4803F2CF4803C18BF41F000411242E1
:105780001ED0F1EE103A13F4400F20D1520003D393
:105790000CD0401C41F10001F1EE103A4CF0804C6D
:1057A00043F00803E1EE103A00F03AB85FEAAC7259
:1057B000EFD4F1D1401C41F1000120F00100EBE7F2
:1057C0001CF0804F08BF70472CF0004CE4E7094202
:1057D00054BF13F4000F13F4800FDDD1D9E7F1EEBD
:1057E000103A13F0807F1EBF01F000410020704787
:1057F00013F4006F08BF70472DE9F050FFF79EFCCF
:1058000004F5C064A4F10104314301EB0451BDE887
:10581000F0504CF0005C4CF0800C00F039BB000004
:105820001CF0700F08BF0A460FB4F1EE101A0CF00E
:10583000405030EA814318BF4CF0804C4FEA4C0393
:1058400010EA814F4FEAD36323EA112318BF23F0F4
:10585000100341EA030101F0E073E1EE101A4CEA93
:10586000030C0CF00F030A2B1DBF082B0CF0700368
:105870004CEAC30C4FF4003304BF33EA0C034CF47E
:10588000400C1CF0005F14D11CF0805F0BD11CF0A9
:10589000804F31D11CF0006F12D111F4807F0FBC0A
:1058A00062D000F0F5BA11F4806F0FBC2BD000F07D
:1058B000EFBA11F4006F0FBC08BF704700F0E8BAF0
:1058C00011F4007F0FBC40F0E3821CF0400F1EBFBC
:1058D0004FF0004040F0010070471CF0100F14BF63
:1058E00081EA030242400CF00F000A2808BF4FF083
:1058F000FF324FF0000326E011F4805F0FBC08BFB9
:10590000704700F0C5BAF1EE103A2CF0805C1CF044
:10591000800F14BF01F0004200F0004212420CBFA1
:1059200012EA336F12EAF35F0DD31CF0100F1DBFA4
:1059300030A003C81143314808BF104313F4805FFF
:1059400040F0A68270471CF0100F02F000421DBF0D
:105950000FF2940003C81143254808BF104313F405
:10596000805F40F0958270471CF0400F40F0288027
:105970001CF4404F1BD01CF4004F1CBF19461046AE
:105980000CF4807218BF8CEA520C1CF0800F0CBF14
:1059900040F4800041F400218CEADC0313F0100F86
:1059A0001CBF2CF00F0C4CF0080C00F08DB91CF053
:1059B000100F1ABF12A393E80300134800F084B934
:1059C0001CF0800F14BF01F0004200F000421CF0F8
:1059D000100F1BBF0AA393E803000B48114308BF35
:1059E000104300F071B900BF000000000000F07F1C
:1059F0000000807FFFFFFFFFFFFFEF7FFFFF7F7F44
:105A0000000000000000F87F0000C07F43004FEA64
:105A1000D30C4FEA3C0C43401FBF40070CF16051D0
:105A200013F0FE4F70471CF0006F14D133F00040AC
:105A300004BF1946704783EA830383EA430303F0F4
:105A4000070343EACC010CF0004303F15A5303F57A
:105A50004013FFF794B90CF0004343EA507010B5BF
:105A600040EACC0000F00FF8000000BA1800000473
:105A70004FEA0001FFF765BB4FEAE0024FEA4070D2
:105A800042F0E04170470EF1020E2EF0030E4FEA95
:105A900040025EF8084B12F1807218BFB2F5000F99
:105AA00022D3244207D44FEA410313F1807318BF75
:105AB000B3F5000F18D34FEA400C1CF5000F16D2B7
:105AC000244204D44FEA410C1CF5000F0FD2002AE7
:105AD00010D14FEAD07C002B0CEB4C0C0CF1020CDB
:105AE00008BF4CEBD17C07E04FF0090C04E04FF00D
:105AF000080C01E04FEAD17C0CEB4C0324FA03F4D0
:105B000004F00704B4F1040C06D20EEB840CBDE8DB
:105B100010404CF0010C6047DFE80CF01F2013022E
:105B20005EF804CC1B2B08D1002A88BFB2F5000F09
:105B300034BF4CF4804C4CF4004CBDE81040FFF7EF
:105B40006FBE002A88BFB2F1807F28BF084610BD13
:105B50004FF00040A0F5800010BD0846420018BF7D
:105B6000D2F1807284BF5EF8042C22F08062BDE81E
:105B7000104000F28A8070474FF00000E1EE100AFA
:105B80007047FF2141EAD050C0057047F1EE101A6E
:105B900011F0807F1CBF00F00040704711F4006FCF
:105BA00040F08E8000F0004343EAD05323F480732A
:105BB000C3F1C10323F00041172941D8C3F12003E9
:105BC00010FA03F1C3F1200320F07F4040F40000FD
:105BD00020FA03F003F0004340EA030019D00B461B
:105BE000F1EE101A41F00801E1EE101A11F4400F25
:105BF0001CD1590009D318BF401C06D17FEAE273BB
:105C000098BF401C38BF20F0010042F0804CFFF7E5
:105C100007BE12F0804F08BF7047F1EE101A94468D
:105C200041F00801E1EE101AFFF7FABD10F0004F45
:105C300014BF5FEAF1535FEA316338BF401CE4E709
:105C4000182903EB912318BF6FF000410131F1EEE9
:105C5000101A41F00801E1EE101A11F4400F18BFBC
:105C600003F00040E2D168BF03F0004009D64002D3
:105C700003F0004000F1010004BF12F0004F20F0DB
:105C800001004FF0804CFFF7CBBDF1EE101A11F080
:105C9000807F1CBF00F00040704711F4006F08BF08
:105CA000704700F0004120F00040B0FA80F3A3F10B
:105CB000080341F0C04100FA03F0A1EBC3510844CE
:105CC00042F0005C00F0E4B80CF00F03092B08BFB1
:105CD000082000F0EF800A2B32D0082B18BF704745
:105CE00008BF1CF0400F31D01CF4803F23D11CF0C2
:105CF000200F11D11CF0100F0BBF02460A466FF0A7
:105D000000406FF0004118BF4FF0FF3012F0004F1D
:105D10001CBFC043C94370471CF0100F0CBF0246A4
:105D20000A4612F0004F4FF0FF304FF0FF311CBF1A
:105D3000C043C94370474FF000004FF00001704767
:105D40001CF0400F18BF4FF0004070471CF0100FC0
:105D500008D020F0704300F07F4242EAD3014FEABE
:105D60004370704700F0604021F07F4242EA000239
:105D700001F07F4040EA7270704700004FF0FF0C66
:105D80004CF4E06C1CEA11531CBF9CEA030C9445D4
:105D9000C2BFDA4201EB02517047002B39D0BCF18F
:105DA000000F68D0A1EB035112F5646F0EDDB2F560
:105DB000646FB8BFD218A2F500635B1C15DA002A25
:105DC000C4BF41EA0251704712F5C062DFBF01F063
:105DD0000041002041F0FE4141F47801C8BF41EA92
:105DE00002514FF01B0CFFF75DBCA2F5C062A2F59B
:105DF00000635B1CB1BF41EA025101F00041002089
:105E000041F0FE41A8BF41F47801DFF880C0FFF700
:105E100007BD50EA013308BF70475FEA013C1BD061
:105E2000BCFA8CF302B50CFA03FCC3F1140320FA9C
:105E300003F14CEA010CBDE80240C3F114034FEA40
:105E40004C0C00FA03F001F0004141EA1C314FEA2A
:105E50004000C3F10003A7E7B0FA80FC0CF1140383
:105E600000FA0CF041EAD021C3F100034FEA4050A0
:105E700021F4801198E750EA01334FF09B0C18BFD2
:105E80004CF0806C7EF452AD704700BF9B00001058
:105E90002DE900502DE90050EBF78EF9BDE80050D8
:105EA000BDE800500CF00F0393F0090F18BF7047C6
:105EB000AFF300801CF4801F24D01CF4E02F09D025
:105EC00010F0080F02D1D0F1020070476FEACC3118
:105ED000490070474FF0604111EA407028BF40F020
:105EE0004050F1EE103A23F0704343EA0003E1EE34
:105EF000103AEFF3008222F0704242EA000282F38D
:105F0000008870471CEA004018BF0120704700005D
:105F1000246A0108251701080200000000000000A3
:105F20000004000000000000000000001C6A0108DE
:105F3000F9A20008020000000000000000040000B8
:105F40000000000000000000F46901080D260108AF
:105F5000020000000000000000020000000000003D
:105F600000000000DC690108AD1801080100000014
:105F7000000000000002000000000000000000001F
:105F8000306A0108053D0108010000000000000022
:105F9000000400000000000000000000106A01087A
:105FA0003DA0000801000000000000000002000009
:105FB00000000000000000004C6A0108791F000882
:105FC00001000000000000000001000000000000CF
:105FD00000000000046A01080DA300080100000091
:105FE00000000000000100000000000000000000B0
:105FF000E8690108492A01080000000000000000CB
:106000000002000000000000000000003C6A0108DF
:1060100055A7000801000000000000000004000077
:106020000000000000000000D069010801360108EE
:10603000010000000000000000020000000000005D
:1060400000000000000610160006101600000000F8
:106050000000000001020304060708090000000018
:10606000010203040000803F000000000000000067
:106070000000000000000000000000000000000020
:106080000000803F00000000000000000000000051
:106090000000000000000000000000000000803F41
:1060A00000000000000000000000000000000000F0
:1060B00000000000000000000000803F0000000021
:1060C00000000000000000000000000000000000D0
:1060D000000000000000803F000000000000000001
:1060E00000000000000000000000000000000000B0
:1060F0000000803F0000803F000000000000000022
:10610000000000000000803F0000000000000000D0
:10611000000000000000803F0000000000000000C0
:10612000C3F51C41640032003200320032003200FC
:1061300032003200320032002C010000000000006A
:10614000920E493CB10AC93C2BC3163D2EFB483D7B
:10615000752B7B3D04A9963D80B6AF3D36BDC83D4D
:106160002FBCE13D73B2FA3D87CF093E8340163E16
:10617000B5AB223EA2102F3ECF6E3B3EC2C5473E7E
:106180000115543E135C603E7F9A6C3ECCCF783E46
:10619000C07D823E938E883E229A8E3E32A0943EEF
:1061A00086A09A3EE59AA03E128FA63ED47CAC3ED5
:1061B000EF63B23E2A44B83E491DBE3E15EFC33ED2
:1061C00053B9C93ECA7BCF3E4136D53E80E8DA3E60
:1061D0004F92E03E7533E63EBBCBEB3EEA5AF13ED2
:1061E000CBE0F63E275DFC3EE4E7003F3D9C033FED
:1061F000824B063F9BF5083F6B9A0B3FDA390E3F07
:10620000CDD3103F2A68133FD9F6153FC07F183F02
:10621000C6021B3FD17F1D3FCBF61F3F9967223F30
:1062200025D2243F5636273F1594293F4AEB2B3F72
:10623000DE3B2E3FBB85303FC9C8323FF304353FBC
:10624000233A373F4268393F3B8F3B3FF9AE3D3FF2
:1062500067C73F3F70D8413F01E2433F03E4453FFA
:1062600065DE473F12D1493FF8BB4B3F029F4D3F90
:10627000207A4F3F3D4D513F4918533F31DB543F4A
:10628000E595563F5348583F6AF2593F1A945B3F91
:10629000532D5D3F05BE5E3F2146603F97C5613F80
:1062A0005A3C633F59AA643F880F663FD86B673FEB
:1062B0003CBF683FA7096A3F0C4B6B3F5E836C3F56
:1062C00093B26D3F9ED86E3F73F56F3F0809713FE3
:1062D0005213723F4714733FDD0B743F0BFA743F48
:1062E000C6DE753F07BA763FC58B773FF853783FD8
:1062F0009812793F9DC7793F02737A3FBE147B3F66
:10630000CDAC7B3F283B7C3FC9BF7C3FAC3A7D3F57
:10631000CCAB7D3F23137E3FB0707E3F6DC47E3F8C
:10632000580E7F3F6D4E7F3FAB847F3F0FB17F3F65
:1063300097D37F3F43EC7F3F11FB7F3F0000803FBF
:1063400011FB7F3F43EC7F3F97D37F3F0FB17F3FF0
:10635000AB847F3F6D4E7F3F580E7F3F6DC47E3FC5
:10636000B0707E3F23137E3FCCAB7D3FAC3A7D3F88
:10637000C9BF7C3F283B7C3FCDAC7B3FBE147B3FFD
:1063800002737A3F9DC7793F9812793FF853783F5F
:10639000C58B773F07BA763FC6DE753F0BFA743F71
:1063A000DD0B743F4714733F5213723F0809713F6E
:1063B00073F56F3F9ED86E3F93B26D3F5E836C3F27
:1063C0000C4B6B3FA7096A3F3CBF683FD86B673FE8
:1063D000880F663F59AA643F5A3C633F97C5613FA7
:1063E0002146603F05BE5E3F532D5D3F1A945B3FE3
:1063F0006AF2593F5348583FE595563F31DB543FC9
:106400004918533F3D4D513F207A4F3F029F4D3F2A
:10641000F8BB4B3F12D1493F65DE473F03E4453FA0
:1064200001E2433F70D8413F67C73F3FF9AE3D3F70
:106430003B8F3B3F4268393F233A373FF304353FB8
:10644000C9C8323FBB85303FDE3B2E3F4AEB2B3F76
:106450001594293F5636273F25D2243F9967223F7E
:10646000CBF61F3FD17F1D3FC6021B3FC07F183FA9
:10647000D9F6153F2A68133FCDD3103FDA390E3FC6
:106480006B9A0B3F9BF5083F824B063F3D9C033FB9
:10649000E4E7003F275DFC3ECBE0F63EEA5AF13EE2
:1064A000BBCBEB3E7533E63E4F92E03E80E8DA3EF2
:1064B0004136D53ECA7BCF3E53B9C93E15EFC33EE8
:1064C000491DBE3E2A44B83EEF63B23ED47CAC3E8A
:1064D000128FA63EE59AA03E86A09A3E32A0943E38
:1064E000229A8E3E938E883EC07D823ECCCF783EEF
:1064F0007F9A6C3E135C603E0115543EC2C5473E18
:10650000CF6E3B3EA2102F3EB5AB223E8340163EDF
:1065100087CF093E73B2FA3D2FBCE13D36BDC83D81
:1065200080B6AF3D04A9963D752B7B3D2EFB483DC3
:106530002BC3163DB10AC93C920E493C0000000035
:10654000920E49BCB10AC9BC2BC316BD2EFB48BD77
:10655000752B7BBD04A996BD80B6AFBD36BDC8BD49
:106560002FBCE1BD73B2FABD87CF09BE834016BE12
:10657000B5AB22BEA2102FBECF6E3BBEC2C547BE7A
:10658000011554BE135C60BE7F9A6CBECCCF78BE42
:10659000C07D82BE938E88BE229A8EBE32A094BEEB
:1065A00086A09ABEE59AA0BE128FA6BED47CACBED1
:1065B000EF63B2BE2A44B8BE491DBEBE15EFC3BECE
:1065C00053B9C9BECA7BCFBE4136D5BE80E8DABE5C
:1065D0004F92E0BE7533E6BEBBCBEBBEEA5AF1BECE
:1065E000CBE0F6BE275DFCBEE4E700BF3D9C03BFE9
:1065F000824B06BF9BF508BF6B9A0BBFDA390EBF03
:10660000CDD310BF2A6813BFD9F615BFC07F18BFFE
:10661000C6021BBFD17F1DBFCBF61FBF996722BF2C
:1066200025D224BF563627BF159429BF4AEB2BBF6E
:10663000DE3B2EBFBB8530BFC9C832BFF30435BFB8
:10664000233A37BF426839BF3B8F3BBFF9AE3DBFEE
:1066500067C73FBF70D841BF01E243BF03E445BFF6
:1066600065DE47BF12D149BFF8BB4BBF029F4DBF8C
:10667000207A4FBF3D4D51BF491853BF31DB54BF46
:10668000E59556BF534858BF6AF259BF1A945BBF8D
:10669000532D5DBF05BE5EBF214660BF97C561BF7C
:1066A0005A3C63BF59AA64BF880F66BFD86B67BFE7
:1066B0003CBF68BFA7096ABF0C4B6BBF5E836CBF52
:1066C00093B26DBF9ED86EBF73F56FBF080971BFDF
:1066D000521372BF471473BFDD0B74BF0BFA74BF44
:1066E000C6DE75BF07BA76BFC58B77BFF85378BFD4
:1066F000981279BF9DC779BF02737ABFBE147BBF62
:10670000CDAC7BBF283B7CBFC9BF7CBFAC3A7DBF53
:10671000CCAB7DBF23137EBFB0707EBF6DC47EBF88
:10672000580E7FBF6D4E7FBFAB847FBF0FB17FBF61
:1067300097D37FBF43EC7FBF11FB7FBF000080BFBB
:1067400011FB7FBF43EC7FBF97D37FBF0FB17FBFEC
:10675000AB847FBF6D4E7FBF580E7FBF6DC47EBFC1
:10676000B0707EBF23137EBFCCAB7DBFAC3A7DBF84
:10677000C9BF7CBF283B7CBFCDAC7BBFBE147BBFF9
:1067800002737ABF9DC779BF981279BFF85378BF5B
:10679000C58B77BF07BA76BFC6DE75BF0BFA74BF6D
:1067A000DD0B74BF471473BF521372BF080971BF6A
:1067B00073F56FBF9ED86EBF93B26DBF5E836CBF23
:1067C0000C4B6BBFA7096ABF3CBF68BFD86B67BFE4
:1067D000880F66BF59AA64BF5A3C63BF97C561BFA3
:1067E000214660BF05BE5EBF532D5DBF1A945BBFDF
:1067F0006AF259BF534858BFE59556BF31DB54BFC5
:10680000491853BF3D4D51BF207A4FBF029F4DBF26
:10681000F8BB4BBF12D149BF65DE47BF03E445BF9C
:1068200001E243BF70D841BF67C73FBFF9AE3DBF6C
:106830003B8F3BBF426839BF233A37BFF30435BFB4
:10684000C9C832BFBB8530BFDE3B2EBF4AEB2BBF72
:10685000159429BF563627BF25D224BF996722BF7A
:10686000CBF61FBFD17F1DBFC6021BBFC07F18BFA5
:10687000D9F615BF2A6813BFCDD310BFDA390EBFC2
:106880006B9A0BBF9BF508BF824B06BF3D9C03BFB5
:10689000E4E700BF275DFCBECBE0F6BEEA5AF1BEDE
:1068A000BBCBEBBE7533E6BE4F92E0BE80E8DABEEE
:1068B0004136D5BECA7BCFBE53B9C9BE15EFC3BEE4
:1068C000491DBEBE2A44B8BEEF63B2BED47CACBE86
:1068D000128FA6BEE59AA0BE86A09ABE32A094BE34
:1068E000229A8EBE938E88BEC07D82BECCCF78BEEB
:1068F0007F9A6CBE135C60BE011554BEC2C547BE14
:10690000CF6E3BBEA2102FBEB5AB22BE834016BEDB
:1069100087CF09BE73B2FABD2FBCE1BD36BDC8BD7D
:1069200080B6AFBD04A996BD752B7BBD2EFB48BDBF
:106930002BC316BDB10AC9BC920E49BC0000008031
:10694000000000000000F03F000000000000F83FE1
:1069500000000000000000000000004003B8E23F1B
:10696000000000000000000006D0CF43EBFD4C3ECD
:10697000033333333333E33FFFAB6FDBB66DDB3FC2
:106980004D268F515555D53F01411DA96074D13F0A
:1069900065DBC9934A86CD3FEF4E454A287ECA3F04
:1069A0003E5555555555C53F93BDBE166CC166BF86
:1069B0002CDE25AF6A56113FF16BD2C541BDBBBE7F
:1069C000D0A4BE726937663E0000000000000000DF
:1069D000545249474745525441534B004D4F44454B
:1069E0005F5441534B00000053484F4F545F544194
:1069F000534B000063757272656E745F73656E64ED
:106A000000000000564F46415461736B00000000C7
:106A1000524546455245455461736B00494E5354A7
:106A200061736B0047494D42414C5F5461736B0089
:106A3000566973696F6E5461736B00005472616EB6
:106A4000736D69745461736B000000006465746554
:106A500063745F7461736B00786A01080000002042
:106A60001C070000C4010008F86B01081C07002087
:106A70004C2B010020020008013013F5B914083D29
:106A8000BA1B084D041A79041AB9041AC1141A055C
:106A90000813120114020202164083044057260212
:106AA00001020301071A040309041A031B7D194894
:106AB00019041A35041AA1041AD504C13210194751
:106AC00021035D24F41AAA01C10218070808125014
:106AD000C347CDCCCC3D0409531C110B1AC8421C32
:106AE00001464B4040041159040B14803F1C2918E7
:106AF000691C39080911347924091118A914092AC3
:106B000030290439847995C918A904092AC4691C53
:106B1000094AC4A9A8E918E91CE9C46930E9D0699F
:106B200018691C0912E409169CA988A9040120A966
:106B300090E980A984A970A9E0011A80093333EB98
:106B40003A58A08B3A3201157D04017C100F0240A7
:106B5000AB034101055308065804070F16081081BE
:106B60000911160A15800B16450C18010D03247027
:106B70001703E8204202270114810182130A06321A
:106B8000022A4034140902431302011DC0320904D1
:106B9000451A020B130524161001052401100901E2
:106BA00004240202052406170107058203081510B4
:106BB00009040133020A2E0705010240072A810752
:106BC000111379B51408E5B3140879B74208137D99
:106BD000B41B082F101AA704C11AFD181AC1041AF1
:106BE0003D301AB5082D6666E63F04094EE40116ED
:086BF0000B24807F140910241E
:040000050800018965
:00000001FF
